id;category;tag;title;subtitle;content;avater;normal;vip
100;USA;USA;Celine Farach;?????????..????????????????????????????????????? ?? ??? ??????????;?????????..????????????????????????????????????? ?? ??? ??????????;![51428606_398227767607191_1808028405095040830_n](https://user-images.githubusercontent.com/43483189/79246180-65115a00-7e79-11ea-90e6-961b82c05ea9.jpg);![51428606_398227767607191_1808028405095040830_n](https://user-images.githubusercontent.com/43483189/79246180-65115a00-7e79-11ea-90e6-961b82c05ea9.jpg);![51428606_398227767607191_1808028405095040830_n](https://user-images.githubusercontent.com/43483189/79246180-65115a00-7e79-11ea-90e6-961b82c05ea9.jpg)
;;;;;;![51573141_653228488442320_370363861686899213_n](https://user-images.githubusercontent.com/43483189/79246185-66428700-7e79-11ea-9231-5b899986021d.jpg);![51573141_653228488442320_370363861686899213_n](https://user-images.githubusercontent.com/43483189/79246185-66428700-7e79-11ea-9231-5b899986021d.jpg);![51573141_653228488442320_370363861686899213_n](https://user-images.githubusercontent.com/43483189/79246185-66428700-7e79-11ea-9231-5b899986021d.jpg)
;;;;;;![50640893_295014984506492_7116333759524126107_n](https://user-images.githubusercontent.com/43483189/79246187-66db1d80-7e79-11ea-888c-549b7e0edba3.jpg);![50640893_295014984506492_7116333759524126107_n](https://user-images.githubusercontent.com/43483189/79246187-66db1d80-7e79-11ea-888c-549b7e0edba3.jpg);![50640893_295014984506492_7116333759524126107_n](https://user-images.githubusercontent.com/43483189/79246187-66db1d80-7e79-11ea-888c-549b7e0edba3.jpg)
;;;;;;![50055941_337462033535335_6072831828663907657_n](https://user-images.githubusercontent.com/43483189/79246188-66db1d80-7e79-11ea-9246-c98b61a20828.jpg);![50055941_337462033535335_6072831828663907657_n](https://user-images.githubusercontent.com/43483189/79246188-66db1d80-7e79-11ea-9246-c98b61a20828.jpg);![50055941_337462033535335_6072831828663907657_n](https://user-images.githubusercontent.com/43483189/79246188-66db1d80-7e79-11ea-9246-c98b61a20828.jpg)
;;;;;;![49913313_2318077741761649_6254559886705789187_n](https://user-images.githubusercontent.com/43483189/79246189-6773b400-7e79-11ea-9c74-e9477ff10534.jpg);![49913313_2318077741761649_6254559886705789187_n](https://user-images.githubusercontent.com/43483189/79246189-6773b400-7e79-11ea-9c74-e9477ff10534.jpg);![49913313_2318077741761649_6254559886705789187_n](https://user-images.githubusercontent.com/43483189/79246189-6773b400-7e79-11ea-9c74-e9477ff10534.jpg)
;;;;;;![50801927_2286305994747999_1222123073308640911_n](https://user-images.githubusercontent.com/43483189/79246190-6773b400-7e79-11ea-93ef-f20826b25d67.jpg);![50801927_2286305994747999_1222123073308640911_n](https://user-images.githubusercontent.com/43483189/79246190-6773b400-7e79-11ea-93ef-f20826b25d67.jpg);![50801927_2286305994747999_1222123073308640911_n](https://user-images.githubusercontent.com/43483189/79246190-6773b400-7e79-11ea-93ef-f20826b25d67.jpg)
;;;;;;![49735479_324994061690588_4286287876068123828_n](https://user-images.githubusercontent.com/43483189/79246192-680c4a80-7e79-11ea-84f8-01b3e684185b.jpg);![49735479_324994061690588_4286287876068123828_n](https://user-images.githubusercontent.com/43483189/79246192-680c4a80-7e79-11ea-84f8-01b3e684185b.jpg);![49735479_324994061690588_4286287876068123828_n](https://user-images.githubusercontent.com/43483189/79246192-680c4a80-7e79-11ea-84f8-01b3e684185b.jpg)
;;;;;;![49285478_582322562192846_994801717830043306_n](https://user-images.githubusercontent.com/43483189/79246193-680c4a80-7e79-11ea-9070-400ef93e9c3c.jpg);![49285478_582322562192846_994801717830043306_n](https://user-images.githubusercontent.com/43483189/79246193-680c4a80-7e79-11ea-9070-400ef93e9c3c.jpg);![49285478_582322562192846_994801717830043306_n](https://user-images.githubusercontent.com/43483189/79246193-680c4a80-7e79-11ea-9070-400ef93e9c3c.jpg)
;;;;;;![50032373_2209369542459786_1053188834923436375_n](https://user-images.githubusercontent.com/43483189/79246195-680c4a80-7e79-11ea-8ef4-be95e7a7daa6.jpg);![50032373_2209369542459786_1053188834923436375_n](https://user-images.githubusercontent.com/43483189/79246195-680c4a80-7e79-11ea-8ef4-be95e7a7daa6.jpg);![50032373_2209369542459786_1053188834923436375_n](https://user-images.githubusercontent.com/43483189/79246195-680c4a80-7e79-11ea-8ef4-be95e7a7daa6.jpg)
;;;;;;![47586463_232543297669234_5564772023831180322_n](https://user-images.githubusercontent.com/43483189/79246196-68a4e100-7e79-11ea-8c31-8285d97fd4c2.jpg);![47586463_232543297669234_5564772023831180322_n](https://user-images.githubusercontent.com/43483189/79246196-68a4e100-7e79-11ea-8c31-8285d97fd4c2.jpg);![47586463_232543297669234_5564772023831180322_n](https://user-images.githubusercontent.com/43483189/79246196-68a4e100-7e79-11ea-8c31-8285d97fd4c2.jpg)
;;;;;;![49907217_495142784342982_1217777848324692437_n](https://user-images.githubusercontent.com/43483189/79246197-68a4e100-7e79-11ea-9727-2eb8ac1f6203.jpg);![49907217_495142784342982_1217777848324692437_n](https://user-images.githubusercontent.com/43483189/79246197-68a4e100-7e79-11ea-9727-2eb8ac1f6203.jpg);![49907217_495142784342982_1217777848324692437_n](https://user-images.githubusercontent.com/43483189/79246197-68a4e100-7e79-11ea-9727-2eb8ac1f6203.jpg)
;;;;;;;![47584649_587004411728137_452262264792708744_n](https://user-images.githubusercontent.com/43483189/79246198-693d7780-7e79-11ea-9bb7-d1d03246e2fc.jpg);![47584649_587004411728137_452262264792708744_n](https://user-images.githubusercontent.com/43483189/79246198-693d7780-7e79-11ea-9bb7-d1d03246e2fc.jpg)
;;;;;;;![47584027_1629407567205690_1186962088521281876_n](https://user-images.githubusercontent.com/43483189/79246199-693d7780-7e79-11ea-9507-04bff63dbb28.jpg);![47584027_1629407567205690_1186962088521281876_n](https://user-images.githubusercontent.com/43483189/79246199-693d7780-7e79-11ea-9507-04bff63dbb28.jpg)
;;;;;;;![47373226_211673496383081_5641055045369203185_n](https://user-images.githubusercontent.com/43483189/79246207-6b073b00-7e79-11ea-9079-4c4092d061f1.jpg);![47373226_211673496383081_5641055045369203185_n](https://user-images.githubusercontent.com/43483189/79246207-6b073b00-7e79-11ea-9079-4c4092d061f1.jpg)
;;;;;;;![46606169_380747289365700_1605187122515020313_n](https://user-images.githubusercontent.com/43483189/79246209-6b9fd180-7e79-11ea-8631-a8bbf52d3e1b.jpg);![46606169_380747289365700_1605187122515020313_n](https://user-images.githubusercontent.com/43483189/79246209-6b9fd180-7e79-11ea-8631-a8bbf52d3e1b.jpg)
;;;;;;;![46790613_264932304412025_5942698373908309545_n](https://user-images.githubusercontent.com/43483189/79246210-6b9fd180-7e79-11ea-9f22-430ae685a105.jpg);![46790613_264932304412025_5942698373908309545_n](https://user-images.githubusercontent.com/43483189/79246210-6b9fd180-7e79-11ea-9f22-430ae685a105.jpg)
;;;;;;;![46322176_725767944476069_7449082158487987284_n](https://user-images.githubusercontent.com/43483189/79246212-6c386800-7e79-11ea-9631-d4689b0a9adb.jpg);![46322176_725767944476069_7449082158487987284_n](https://user-images.githubusercontent.com/43483189/79246212-6c386800-7e79-11ea-9631-d4689b0a9adb.jpg)
;;;;;;;![46889467_326046291333629_3953416280438896333_n](https://user-images.githubusercontent.com/43483189/79246215-6c386800-7e79-11ea-9a0f-e4b34483d4ca.jpg);![46889467_326046291333629_3953416280438896333_n](https://user-images.githubusercontent.com/43483189/79246215-6c386800-7e79-11ea-9a0f-e4b34483d4ca.jpg)
;;;;;;;![46661571_585255478593093_5024554894756126226_n](https://user-images.githubusercontent.com/43483189/79246217-6c386800-7e79-11ea-931c-a3e1539de242.jpg);![46661571_585255478593093_5024554894756126226_n](https://user-images.githubusercontent.com/43483189/79246217-6c386800-7e79-11ea-931c-a3e1539de242.jpg)
;;;;;;;![45667146_262417444446556_5077201593126194850_n](https://user-images.githubusercontent.com/43483189/79246218-6cd0fe80-7e79-11ea-831b-4d625121d08d.jpg);![45667146_262417444446556_5077201593126194850_n](https://user-images.githubusercontent.com/43483189/79246218-6cd0fe80-7e79-11ea-831b-4d625121d08d.jpg)
;;;;;;;![45263052_195048494764298_7342291988313755727_n](https://user-images.githubusercontent.com/43483189/79246219-6cd0fe80-7e79-11ea-8c56-435c32a94049.jpg);![45263052_195048494764298_7342291988313755727_n](https://user-images.githubusercontent.com/43483189/79246219-6cd0fe80-7e79-11ea-8c56-435c32a94049.jpg)
;;;;;;;![44719107_206894926924321_1521277668913643288_n](https://user-images.githubusercontent.com/43483189/79246220-6d699500-7e79-11ea-9cb0-60c7d7862f05.jpg);![44719107_206894926924321_1521277668913643288_n](https://user-images.githubusercontent.com/43483189/79246220-6d699500-7e79-11ea-9cb0-60c7d7862f05.jpg)
;;;;;;;![46177654_146933072938479_1636265921248840866_n](https://user-images.githubusercontent.com/43483189/79246222-6d699500-7e79-11ea-8332-ae559178116b.jpg);![46177654_146933072938479_1636265921248840866_n](https://user-images.githubusercontent.com/43483189/79246222-6d699500-7e79-11ea-8332-ae559178116b.jpg)
;;;;;;;![44685716_334712254013882_5556659704609390013_n](https://user-images.githubusercontent.com/43483189/79246224-6e022b80-7e79-11ea-80c1-d01d545aaa72.jpg);![44685716_334712254013882_5556659704609390013_n](https://user-images.githubusercontent.com/43483189/79246224-6e022b80-7e79-11ea-80c1-d01d545aaa72.jpg)
;;;;;;;![44376496_264808507560503_8539478994621800139_n](https://user-images.githubusercontent.com/43483189/79246226-6e022b80-7e79-11ea-9429-ad345fa4dc1c.jpg);![44376496_264808507560503_8539478994621800139_n](https://user-images.githubusercontent.com/43483189/79246226-6e022b80-7e79-11ea-9429-ad345fa4dc1c.jpg)
;;;;;;;![44924096_2251372545099913_1591713420436318057_n](https://user-images.githubusercontent.com/43483189/79246227-6e9ac200-7e79-11ea-8d56-b419575e4da8.jpg);![44924096_2251372545099913_1591713420436318057_n](https://user-images.githubusercontent.com/43483189/79246227-6e9ac200-7e79-11ea-8d56-b419575e4da8.jpg)
;;;;;;;![43779329_285348998757595_2746112244773512872_n](https://user-images.githubusercontent.com/43483189/79246229-6e9ac200-7e79-11ea-95af-29beff6744eb.jpg);![43779329_285348998757595_2746112244773512872_n](https://user-images.githubusercontent.com/43483189/79246229-6e9ac200-7e79-11ea-95af-29beff6744eb.jpg)
;;;;;;;![44279514_708124189556126_5546316133545590177_n](https://user-images.githubusercontent.com/43483189/79246230-6e9ac200-7e79-11ea-9999-298418b74906.jpg);![44279514_708124189556126_5546316133545590177_n](https://user-images.githubusercontent.com/43483189/79246230-6e9ac200-7e79-11ea-9999-298418b74906.jpg)
;;;;;;;![43986046_359396321496104_6376570540404936581_n](https://user-images.githubusercontent.com/43483189/79246231-6f335880-7e79-11ea-9e1d-3925a98a3b40.jpg);![43986046_359396321496104_6376570540404936581_n](https://user-images.githubusercontent.com/43483189/79246231-6f335880-7e79-11ea-9e1d-3925a98a3b40.jpg)
;;;;;;;![42941894_319980255464853_9020405399074638829_n](https://user-images.githubusercontent.com/43483189/79246232-6f335880-7e79-11ea-8c2d-43e4d3b0d7ce.jpg);![42941894_319980255464853_9020405399074638829_n](https://user-images.githubusercontent.com/43483189/79246232-6f335880-7e79-11ea-8c2d-43e4d3b0d7ce.jpg)
;;;;;;;![42367773_559412717826991_3467794470648558308_n](https://user-images.githubusercontent.com/43483189/79246233-6f335880-7e79-11ea-9bfe-3e12fad7cec7.jpg);![42367773_559412717826991_3467794470648558308_n](https://user-images.githubusercontent.com/43483189/79246233-6f335880-7e79-11ea-9bfe-3e12fad7cec7.jpg)
;;;;;;;![43779109_2408036902569867_5076043008225844288_n](https://user-images.githubusercontent.com/43483189/79246235-6fcbef00-7e79-11ea-9a1c-fae44948796c.jpg);![43779109_2408036902569867_5076043008225844288_n](https://user-images.githubusercontent.com/43483189/79246235-6fcbef00-7e79-11ea-9a1c-fae44948796c.jpg)
;;;;;;;![44659464_1162050630625950_1567533109327367324_n](https://user-images.githubusercontent.com/43483189/79246236-6fcbef00-7e79-11ea-9007-c90921400648.jpg);![44659464_1162050630625950_1567533109327367324_n](https://user-images.githubusercontent.com/43483189/79246236-6fcbef00-7e79-11ea-9007-c90921400648.jpg)
;;;;;;;![43732653_345133192949206_8217189373451964247_n](https://user-images.githubusercontent.com/43483189/79246238-6fcbef00-7e79-11ea-8e6a-dd3c50857658.jpg);![43732653_345133192949206_8217189373451964247_n](https://user-images.githubusercontent.com/43483189/79246238-6fcbef00-7e79-11ea-8e6a-dd3c50857658.jpg)
;;;;;;;![43360371_2782477775111286_7281689667808426781_n](https://user-images.githubusercontent.com/43483189/79246240-70648580-7e79-11ea-8ae8-18d54425a21f.jpg);![43360371_2782477775111286_7281689667808426781_n](https://user-images.githubusercontent.com/43483189/79246240-70648580-7e79-11ea-8ae8-18d54425a21f.jpg)
;;;;;;;![43750289_717768841890423_6041003174461096525_n](https://user-images.githubusercontent.com/43483189/79246241-70648580-7e79-11ea-8a15-a4b5ddb1379e.jpg);![43750289_717768841890423_6041003174461096525_n](https://user-images.githubusercontent.com/43483189/79246241-70648580-7e79-11ea-8a15-a4b5ddb1379e.jpg)
;;;;;;;![43778706_1218904781580797_1250248521941767672_n](https://user-images.githubusercontent.com/43483189/79246243-70fd1c00-7e79-11ea-97ce-29d185766526.jpg);![43778706_1218904781580797_1250248521941767672_n](https://user-images.githubusercontent.com/43483189/79246243-70fd1c00-7e79-11ea-97ce-29d185766526.jpg)
;;;;;;;![42068582_409132386288280_8247227477576556545_n](https://user-images.githubusercontent.com/43483189/79246245-70fd1c00-7e79-11ea-8ca3-c59223f37cc6.jpg);![42068582_409132386288280_8247227477576556545_n](https://user-images.githubusercontent.com/43483189/79246245-70fd1c00-7e79-11ea-8ca3-c59223f37cc6.jpg)
;;;;;;;![42069055_323478328414604_6801109657504783545_n](https://user-images.githubusercontent.com/43483189/79246249-70fd1c00-7e79-11ea-9956-f348cec0cadf.jpg);![42069055_323478328414604_6801109657504783545_n](https://user-images.githubusercontent.com/43483189/79246249-70fd1c00-7e79-11ea-9956-f348cec0cadf.jpg)
;;;;;;;![41287339_2082606481772584_3197821816872094443_n](https://user-images.githubusercontent.com/43483189/79246251-7195b280-7e79-11ea-8685-082b982697b2.jpg);![41287339_2082606481772584_3197821816872094443_n](https://user-images.githubusercontent.com/43483189/79246251-7195b280-7e79-11ea-8685-082b982697b2.jpg)
;;;;;;;![41046777_1036439123202262_7736310868890145188_n](https://user-images.githubusercontent.com/43483189/79246253-7195b280-7e79-11ea-904d-e0e75b389299.jpg);![41046777_1036439123202262_7736310868890145188_n](https://user-images.githubusercontent.com/43483189/79246253-7195b280-7e79-11ea-904d-e0e75b389299.jpg)
;;;;;;;![41447772_322940231801844_8491685070005822978_n](https://user-images.githubusercontent.com/43483189/79246254-722e4900-7e79-11ea-9a83-172814fc6f11.jpg);![41447772_322940231801844_8491685070005822978_n](https://user-images.githubusercontent.com/43483189/79246254-722e4900-7e79-11ea-9a83-172814fc6f11.jpg)
;;;;;;;![41203422_488618611654806_2477033778407537357_n](https://user-images.githubusercontent.com/43483189/79246257-722e4900-7e79-11ea-962d-842d46614559.jpg);![41203422_488618611654806_2477033778407537357_n](https://user-images.githubusercontent.com/43483189/79246257-722e4900-7e79-11ea-962d-842d46614559.jpg)
;;;;;;;![41860932_2179805775622911_1067083946945358176_n](https://user-images.githubusercontent.com/43483189/79246259-72c6df80-7e79-11ea-805a-46d3fa063e09.jpg);![41860932_2179805775622911_1067083946945358176_n](https://user-images.githubusercontent.com/43483189/79246259-72c6df80-7e79-11ea-805a-46d3fa063e09.jpg)
;;;;;;;![40517467_326766608091428_1689556428237203322_n](https://user-images.githubusercontent.com/43483189/79246260-72c6df80-7e79-11ea-9f99-ea23e7c0ba0b.jpg);![40517467_326766608091428_1689556428237203322_n](https://user-images.githubusercontent.com/43483189/79246260-72c6df80-7e79-11ea-9f99-ea23e7c0ba0b.jpg)
;;;;;;;![40531697_511486362649083_5808218182242529608_n](https://user-images.githubusercontent.com/43483189/79246261-72c6df80-7e79-11ea-8f89-3b599c14eca5.jpg);![40531697_511486362649083_5808218182242529608_n](https://user-images.githubusercontent.com/43483189/79246261-72c6df80-7e79-11ea-8f89-3b599c14eca5.jpg)
;;;;;;;![40807561_453116385198352_1496293518760508734_n](https://user-images.githubusercontent.com/43483189/79246262-735f7600-7e79-11ea-9876-a07077280c46.jpg);![40807561_453116385198352_1496293518760508734_n](https://user-images.githubusercontent.com/43483189/79246262-735f7600-7e79-11ea-9876-a07077280c46.jpg)
;;;;;;;![40278906_148161752780110_4223903356289439084_n](https://user-images.githubusercontent.com/43483189/79246264-735f7600-7e79-11ea-9578-d48c984a4c0e.jpg);![40278906_148161752780110_4223903356289439084_n](https://user-images.githubusercontent.com/43483189/79246264-735f7600-7e79-11ea-9578-d48c984a4c0e.jpg)
;;;;;;;![40207255_299545134173328_2133857921478553105_n](https://user-images.githubusercontent.com/43483189/79246265-735f7600-7e79-11ea-96a7-ca5f7e188bf8.jpg);![40207255_299545134173328_2133857921478553105_n](https://user-images.githubusercontent.com/43483189/79246265-735f7600-7e79-11ea-96a7-ca5f7e188bf8.jpg)
;;;;;;;![66370099_353495155566493_2203353626219735949_n](https://user-images.githubusercontent.com/43483189/79246266-73f80c80-7e79-11ea-95a8-3ef642d63394.jpg);![66370099_353495155566493_2203353626219735949_n](https://user-images.githubusercontent.com/43483189/79246266-73f80c80-7e79-11ea-95a8-3ef642d63394.jpg)
;;;;;;;![67719817_121161928889156_4373812112961727778_n](https://user-images.githubusercontent.com/43483189/79246269-7490a300-7e79-11ea-841c-036cbdf43fde.jpg);![67719817_121161928889156_4373812112961727778_n](https://user-images.githubusercontent.com/43483189/79246269-7490a300-7e79-11ea-841c-036cbdf43fde.jpg)
;;;;;;;![66020468_491629744982471_615765584597806578_n](https://user-images.githubusercontent.com/43483189/79246271-7490a300-7e79-11ea-81fd-27cb69d6b831.jpg);![66020468_491629744982471_615765584597806578_n](https://user-images.githubusercontent.com/43483189/79246271-7490a300-7e79-11ea-81fd-27cb69d6b831.jpg)
;;;;;;;![66709503_503051037108102_2924573634978997555_n](https://user-images.githubusercontent.com/43483189/79246272-75293980-7e79-11ea-9d00-3a701eaa9795.jpg);![66709503_503051037108102_2924573634978997555_n](https://user-images.githubusercontent.com/43483189/79246272-75293980-7e79-11ea-9d00-3a701eaa9795.jpg)
;;;;;;;![66508638_2295200920742073_5669700425924311235_n](https://user-images.githubusercontent.com/43483189/79246275-75293980-7e79-11ea-929f-8c523cc4d9c6.jpg);![66508638_2295200920742073_5669700425924311235_n](https://user-images.githubusercontent.com/43483189/79246275-75293980-7e79-11ea-929f-8c523cc4d9c6.jpg)
;;;;;;;![66682413_2262116403825134_9166321308370992085_n](https://user-images.githubusercontent.com/43483189/79246276-75293980-7e79-11ea-8191-40cd7b7dcb1d.jpg);![66682413_2262116403825134_9166321308370992085_n](https://user-images.githubusercontent.com/43483189/79246276-75293980-7e79-11ea-8191-40cd7b7dcb1d.jpg)
;;;;;;;![65782986_2339509849469319_5807351334818483028_n](https://user-images.githubusercontent.com/43483189/79246278-75c1d000-7e79-11ea-9809-6ac654341f49.jpg);![65782986_2339509849469319_5807351334818483028_n](https://user-images.githubusercontent.com/43483189/79246278-75c1d000-7e79-11ea-9809-6ac654341f49.jpg)
;;;;;;;![66011569_354336125458972_5282705549026649214_n](https://user-images.githubusercontent.com/43483189/79246279-75c1d000-7e79-11ea-8226-acb79690e0ef.jpg);![66011569_354336125458972_5282705549026649214_n](https://user-images.githubusercontent.com/43483189/79246279-75c1d000-7e79-11ea-8226-acb79690e0ef.jpg)
;;;;;;;![65528958_2271044946304432_8630730416040588155_n](https://user-images.githubusercontent.com/43483189/79246281-75c1d000-7e79-11ea-9ab3-d78265f51379.jpg);![65528958_2271044946304432_8630730416040588155_n](https://user-images.githubusercontent.com/43483189/79246281-75c1d000-7e79-11ea-9ab3-d78265f51379.jpg)
;;;;;;;![65618790_187466665582794_2486678714617260324_n](https://user-images.githubusercontent.com/43483189/79246284-765a6680-7e79-11ea-8a3b-c97f8ccc530a.jpg);![65618790_187466665582794_2486678714617260324_n](https://user-images.githubusercontent.com/43483189/79246284-765a6680-7e79-11ea-8a3b-c97f8ccc530a.jpg)
;;;;;;;![65585992_128405498375848_8793111895542268725_n](https://user-images.githubusercontent.com/43483189/79246285-765a6680-7e79-11ea-90cd-4bccd0ed5ea3.jpg);![65585992_128405498375848_8793111895542268725_n](https://user-images.githubusercontent.com/43483189/79246285-765a6680-7e79-11ea-90cd-4bccd0ed5ea3.jpg)
;;;;;;;![65135439_368004893852796_7760220262552178436_n](https://user-images.githubusercontent.com/43483189/79246286-76f2fd00-7e79-11ea-84ad-705e7c890a5d.jpg);![65135439_368004893852796_7760220262552178436_n](https://user-images.githubusercontent.com/43483189/79246286-76f2fd00-7e79-11ea-84ad-705e7c890a5d.jpg)
;;;;;;;![63207522_2466309803597143_1045851475848835273_n](https://user-images.githubusercontent.com/43483189/79246287-76f2fd00-7e79-11ea-8fa1-d8cef8bcc17d.jpg);![63207522_2466309803597143_1045851475848835273_n](https://user-images.githubusercontent.com/43483189/79246287-76f2fd00-7e79-11ea-8fa1-d8cef8bcc17d.jpg)
;;;;;;;![62487467_461686694594662_4171787987531636209_n](https://user-images.githubusercontent.com/43483189/79246290-76f2fd00-7e79-11ea-9b2e-057edc310f0b.jpg);![62487467_461686694594662_4171787987531636209_n](https://user-images.githubusercontent.com/43483189/79246290-76f2fd00-7e79-11ea-9b2e-057edc310f0b.jpg)
;;;;;;;![62215539_345544182788432_4890279619255534283_n](https://user-images.githubusercontent.com/43483189/79246291-778b9380-7e79-11ea-8101-b5c025fb3910.jpg);![62215539_345544182788432_4890279619255534283_n](https://user-images.githubusercontent.com/43483189/79246291-778b9380-7e79-11ea-8101-b5c025fb3910.jpg)
;;;;;;;![62433570_188016165525723_1747394275782463568_n](https://user-images.githubusercontent.com/43483189/79246293-778b9380-7e79-11ea-985c-c0692627cf44.jpg);![62433570_188016165525723_1747394275782463568_n](https://user-images.githubusercontent.com/43483189/79246293-778b9380-7e79-11ea-985c-c0692627cf44.jpg)
;;;;;;;![61629107_343728899677095_9209402840183280925_n](https://user-images.githubusercontent.com/43483189/79246294-778b9380-7e79-11ea-9292-4217c050abf7.jpg);![61629107_343728899677095_9209402840183280925_n](https://user-images.githubusercontent.com/43483189/79246294-778b9380-7e79-11ea-9292-4217c050abf7.jpg)
;;;;;;;![62031541_2237731709871185_3379629128902307898_n](https://user-images.githubusercontent.com/43483189/79246295-78242a00-7e79-11ea-87a0-d1f30cd4c41d.jpg);![62031541_2237731709871185_3379629128902307898_n](https://user-images.githubusercontent.com/43483189/79246295-78242a00-7e79-11ea-87a0-d1f30cd4c41d.jpg)
;;;;;;;![62256726_2725985670806313_4640916099310287906_n](https://user-images.githubusercontent.com/43483189/79246296-78242a00-7e79-11ea-9388-acb54db6cddd.jpg);![62256726_2725985670806313_4640916099310287906_n](https://user-images.githubusercontent.com/43483189/79246296-78242a00-7e79-11ea-9388-acb54db6cddd.jpg)
;;;;;;;![61208286_753000821763561_6890173893466515050_n](https://user-images.githubusercontent.com/43483189/79246299-78242a00-7e79-11ea-9bfb-efcaa50e3dd1.jpg);![61208286_753000821763561_6890173893466515050_n](https://user-images.githubusercontent.com/43483189/79246299-78242a00-7e79-11ea-9bfb-efcaa50e3dd1.jpg)
;;;;;;;![61469080_859846471047971_5682479939841949537_n](https://user-images.githubusercontent.com/43483189/79246300-78bcc080-7e79-11ea-9617-c594fb70bbe4.jpg);![61469080_859846471047971_5682479939841949537_n](https://user-images.githubusercontent.com/43483189/79246300-78bcc080-7e79-11ea-9617-c594fb70bbe4.jpg)
;;;;;;;![61722604_140031600509504_7193384209244892663_n](https://user-images.githubusercontent.com/43483189/79246302-78bcc080-7e79-11ea-8dcd-a614a363d135.jpg);![61722604_140031600509504_7193384209244892663_n](https://user-images.githubusercontent.com/43483189/79246302-78bcc080-7e79-11ea-8dcd-a614a363d135.jpg)
;;;;;;;![60953025_138536123991610_193281470765154977_n](https://user-images.githubusercontent.com/43483189/79246304-79555700-7e79-11ea-9942-19306ac87937.jpg);![60953025_138536123991610_193281470765154977_n](https://user-images.githubusercontent.com/43483189/79246304-79555700-7e79-11ea-9942-19306ac87937.jpg)
;;;;;;;![61428342_444464526120905_4660956904476529218_n](https://user-images.githubusercontent.com/43483189/79246305-79555700-7e79-11ea-9d9b-77bf9be26b36.jpg);![61428342_444464526120905_4660956904476529218_n](https://user-images.githubusercontent.com/43483189/79246305-79555700-7e79-11ea-9d9b-77bf9be26b36.jpg)
;;;;;;;![92939981_262981811407678_5151671409986766777_n](https://user-images.githubusercontent.com/43483189/79246306-79eded80-7e79-11ea-9098-4b153cbee76e.jpg);![92939981_262981811407678_5151671409986766777_n](https://user-images.githubusercontent.com/43483189/79246306-79eded80-7e79-11ea-9098-4b153cbee76e.jpg)
;;;;;;;![93122110_867033284117295_6346162766331380858_n](https://user-images.githubusercontent.com/43483189/79246310-79eded80-7e79-11ea-9c24-61600ee22bf3.jpg);![93122110_867033284117295_6346162766331380858_n](https://user-images.githubusercontent.com/43483189/79246310-79eded80-7e79-11ea-9c24-61600ee22bf3.jpg)
;;;;;;;![92548333_217376999326920_3697008923247300118_n](https://user-images.githubusercontent.com/43483189/79246313-79eded80-7e79-11ea-8eaf-22db81b12860.jpg);![92548333_217376999326920_3697008923247300118_n](https://user-images.githubusercontent.com/43483189/79246313-79eded80-7e79-11ea-8eaf-22db81b12860.jpg)
;;;;;;;![92036044_107901724068809_7311078843939834679_n](https://user-images.githubusercontent.com/43483189/79246314-7a868400-7e79-11ea-8fd3-1f00b0f48244.jpg);![92036044_107901724068809_7311078843939834679_n](https://user-images.githubusercontent.com/43483189/79246314-7a868400-7e79-11ea-8fd3-1f00b0f48244.jpg)
;;;;;;;![92305594_2995958260463478_3776159943507498939_n](https://user-images.githubusercontent.com/43483189/79246315-7a868400-7e79-11ea-8d30-95c35536f385.jpg);![92305594_2995958260463478_3776159943507498939_n](https://user-images.githubusercontent.com/43483189/79246315-7a868400-7e79-11ea-8d30-95c35536f385.jpg)
;;;;;;;![91578314_900513967050237_8835547231564641309_n](https://user-images.githubusercontent.com/43483189/79246316-7b1f1a80-7e79-11ea-93f8-ab0e7f03cf59.jpg);![91578314_900513967050237_8835547231564641309_n](https://user-images.githubusercontent.com/43483189/79246316-7b1f1a80-7e79-11ea-93f8-ab0e7f03cf59.jpg)
;;;;;;;![91504238_496003841067221_7836015850179794565_n](https://user-images.githubusercontent.com/43483189/79246319-7b1f1a80-7e79-11ea-8c14-23a4382eecbf.jpg);![91504238_496003841067221_7836015850179794565_n](https://user-images.githubusercontent.com/43483189/79246319-7b1f1a80-7e79-11ea-8c14-23a4382eecbf.jpg)
;;;;;;;![91629231_501882177363745_4288615169328486613_n](https://user-images.githubusercontent.com/43483189/79246320-7b1f1a80-7e79-11ea-93eb-04978173f41d.jpg);![91629231_501882177363745_4288615169328486613_n](https://user-images.githubusercontent.com/43483189/79246320-7b1f1a80-7e79-11ea-93eb-04978173f41d.jpg)
;;;;;;;![91185451_2782943808486306_3771555592583099457_n](https://user-images.githubusercontent.com/43483189/79246322-7bb7b100-7e79-11ea-950e-88a92f32c84f.jpg);![91185451_2782943808486306_3771555592583099457_n](https://user-images.githubusercontent.com/43483189/79246322-7bb7b100-7e79-11ea-950e-88a92f32c84f.jpg)
;;;;;;;![90505973_668752080596681_8611092440381495316_n](https://user-images.githubusercontent.com/43483189/79246323-7bb7b100-7e79-11ea-9918-1196ae709db9.jpg);![90505973_668752080596681_8611092440381495316_n](https://user-images.githubusercontent.com/43483189/79246323-7bb7b100-7e79-11ea-9918-1196ae709db9.jpg)
;;;;;;;![90425934_636744117165088_3494131821538365412_n](https://user-images.githubusercontent.com/43483189/79246324-7c504780-7e79-11ea-848d-acd9ae37f6ec.jpg);![90425934_636744117165088_3494131821538365412_n](https://user-images.githubusercontent.com/43483189/79246324-7c504780-7e79-11ea-848d-acd9ae37f6ec.jpg)
;;;;;;;![90204540_220508225727688_8728069569939214554_n](https://user-images.githubusercontent.com/43483189/79246326-7c504780-7e79-11ea-8472-15ce92ada942.jpg);![90204540_220508225727688_8728069569939214554_n](https://user-images.githubusercontent.com/43483189/79246326-7c504780-7e79-11ea-8472-15ce92ada942.jpg)
;;;;;;;![90089323_115350476754145_330841761286608956_n](https://user-images.githubusercontent.com/43483189/79246328-7ce8de00-7e79-11ea-983a-dfbbee6ada9c.jpg);![90089323_115350476754145_330841761286608956_n](https://user-images.githubusercontent.com/43483189/79246328-7ce8de00-7e79-11ea-983a-dfbbee6ada9c.jpg)
;;;;;;;![90091739_720189828516935_7676555399175122286_n](https://user-images.githubusercontent.com/43483189/79246329-7ce8de00-7e79-11ea-88d4-0523067aebdc.jpg);![90091739_720189828516935_7676555399175122286_n](https://user-images.githubusercontent.com/43483189/79246329-7ce8de00-7e79-11ea-88d4-0523067aebdc.jpg)
;;;;;;;![90085967_210297510380507_7179040150150103477_n](https://user-images.githubusercontent.com/43483189/79246330-7ce8de00-7e79-11ea-9cf0-1a9de8a47ac2.jpg);![90085967_210297510380507_7179040150150103477_n](https://user-images.githubusercontent.com/43483189/79246330-7ce8de00-7e79-11ea-9cf0-1a9de8a47ac2.jpg)
;;;;;;;![89367497_230097678382673_3813323871831926752_n](https://user-images.githubusercontent.com/43483189/79246332-7d817480-7e79-11ea-9d0d-9633e90440f3.jpg);![89367497_230097678382673_3813323871831926752_n](https://user-images.githubusercontent.com/43483189/79246332-7d817480-7e79-11ea-9d0d-9633e90440f3.jpg)
;;;;;;;![89259461_105577174288853_1061276956490264102_n](https://user-images.githubusercontent.com/43483189/79246333-7d817480-7e79-11ea-8853-e5af78ac2ba5.jpg);![89259461_105577174288853_1061276956490264102_n](https://user-images.githubusercontent.com/43483189/79246333-7d817480-7e79-11ea-8853-e5af78ac2ba5.jpg)
;;;;;;;![89067354_193289988773634_2219495223781784423_n](https://user-images.githubusercontent.com/43483189/79246335-7d817480-7e79-11ea-9d65-af01c387c15a.jpg);![89067354_193289988773634_2219495223781784423_n](https://user-images.githubusercontent.com/43483189/79246335-7d817480-7e79-11ea-9d65-af01c387c15a.jpg)
;;;;;;;![89475918_231796041323363_137933142731374478_n](https://user-images.githubusercontent.com/43483189/79246336-7e1a0b00-7e79-11ea-9078-cbb966d02efe.jpg);![89475918_231796041323363_137933142731374478_n](https://user-images.githubusercontent.com/43483189/79246336-7e1a0b00-7e79-11ea-9078-cbb966d02efe.jpg)
;;;;;;;![88230708_3636133093125109_2178302477470201026_n](https://user-images.githubusercontent.com/43483189/79246338-7e1a0b00-7e79-11ea-9123-1ba51350fb00.jpg);![88230708_3636133093125109_2178302477470201026_n](https://user-images.githubusercontent.com/43483189/79246338-7e1a0b00-7e79-11ea-9123-1ba51350fb00.jpg)
;;;;;;;![88817195_218372506024154_6818228272977098400_n](https://user-images.githubusercontent.com/43483189/79246339-7eb2a180-7e79-11ea-85ad-4e35cb6a8bce.jpg);![88817195_218372506024154_6818228272977098400_n](https://user-images.githubusercontent.com/43483189/79246339-7eb2a180-7e79-11ea-85ad-4e35cb6a8bce.jpg)
;;;;;;;![88457998_2311165139180691_1558321290893600114_n](https://user-images.githubusercontent.com/43483189/79246340-7eb2a180-7e79-11ea-8d2b-62929252a8c4.jpg);![88457998_2311165139180691_1558321290893600114_n](https://user-images.githubusercontent.com/43483189/79246340-7eb2a180-7e79-11ea-8d2b-62929252a8c4.jpg)
;;;;;;;![87513111_155096962627478_8521632878182834538_n](https://user-images.githubusercontent.com/43483189/79246342-7f4b3800-7e79-11ea-950e-c568efb12587.jpg);![87513111_155096962627478_8521632878182834538_n](https://user-images.githubusercontent.com/43483189/79246342-7f4b3800-7e79-11ea-950e-c568efb12587.jpg)
;;;;;;;![88894906_627395084745234_7393738198178732372_n](https://user-images.githubusercontent.com/43483189/79246344-7f4b3800-7e79-11ea-9575-2d4c86d55aa4.jpg);![88894906_627395084745234_7393738198178732372_n](https://user-images.githubusercontent.com/43483189/79246344-7f4b3800-7e79-11ea-9575-2d4c86d55aa4.jpg)
;;;;;;;![60739993_327832014563867_2343890526761123840_n](https://user-images.githubusercontent.com/43483189/79246346-7fe3ce80-7e79-11ea-82ac-5c19b6886a94.jpg);![60739993_327832014563867_2343890526761123840_n](https://user-images.githubusercontent.com/43483189/79246346-7fe3ce80-7e79-11ea-82ac-5c19b6886a94.jpg)
;;;;;;;![91079890_151190579694623_2351947474380883282_n](https://user-images.githubusercontent.com/43483189/79246347-7fe3ce80-7e79-11ea-8432-f1864862d3de.jpg);![91079890_151190579694623_2351947474380883282_n](https://user-images.githubusercontent.com/43483189/79246347-7fe3ce80-7e79-11ea-8432-f1864862d3de.jpg)
;;;;;;;![66047498_2293595394081193_7358811494940954865_n](https://user-images.githubusercontent.com/43483189/79246349-7fe3ce80-7e79-11ea-8951-e93330b94837.jpg);![66047498_2293595394081193_7358811494940954865_n](https://user-images.githubusercontent.com/43483189/79246349-7fe3ce80-7e79-11ea-8951-e93330b94837.jpg)
;;;;;;;![36085845_201170937252667_8496218281047228416_n](https://user-images.githubusercontent.com/43483189/79246351-807c6500-7e79-11ea-86f8-73208eec0d3b.jpg);![36085845_201170937252667_8496218281047228416_n](https://user-images.githubusercontent.com/43483189/79246351-807c6500-7e79-11ea-86f8-73208eec0d3b.jpg)
;;;;;;;![39356445_917069285152119_8940034113784512512_n](https://user-images.githubusercontent.com/43483189/79246353-807c6500-7e79-11ea-901c-665160bb102d.jpg);![39356445_917069285152119_8940034113784512512_n](https://user-images.githubusercontent.com/43483189/79246353-807c6500-7e79-11ea-901c-665160bb102d.jpg)
;;;;;;;![87239715_584949508902246_7922928100286259910_n](https://user-images.githubusercontent.com/43483189/79246354-8114fb80-7e79-11ea-91d4-26aa7cdf4145.jpg);![87239715_584949508902246_7922928100286259910_n](https://user-images.githubusercontent.com/43483189/79246354-8114fb80-7e79-11ea-91d4-26aa7cdf4145.jpg)
;;;;;;;![83887027_213978319791374_538305622294122745_n](https://user-images.githubusercontent.com/43483189/79246356-8114fb80-7e79-11ea-80c5-a0ba4a751ec8.jpg);![83887027_213978319791374_538305622294122745_n](https://user-images.githubusercontent.com/43483189/79246356-8114fb80-7e79-11ea-80c5-a0ba4a751ec8.jpg)
;;;;;;;![87322194_564219337496459_4070992019127132656_n](https://user-images.githubusercontent.com/43483189/79246359-81ad9200-7e79-11ea-96b9-49f0e341b0af.jpg);![87322194_564219337496459_4070992019127132656_n](https://user-images.githubusercontent.com/43483189/79246359-81ad9200-7e79-11ea-96b9-49f0e341b0af.jpg)
;;;;;;;![82478870_604952190348065_8329037795720777734_n](https://user-images.githubusercontent.com/43483189/79246361-81ad9200-7e79-11ea-87b3-24e8c672b5d7.jpg);![82478870_604952190348065_8329037795720777734_n](https://user-images.githubusercontent.com/43483189/79246361-81ad9200-7e79-11ea-87b3-24e8c672b5d7.jpg)
;;;;;;;![84352737_512176913034094_7303308497442087618_n](https://user-images.githubusercontent.com/43483189/79246363-81ad9200-7e79-11ea-93f3-3ff709c9c067.jpg);![84352737_512176913034094_7303308497442087618_n](https://user-images.githubusercontent.com/43483189/79246363-81ad9200-7e79-11ea-93f3-3ff709c9c067.jpg)
;;;;;;;![85254187_821767098287568_2939227178120664297_n](https://user-images.githubusercontent.com/43483189/79246364-82462880-7e79-11ea-9960-021c87396e25.jpg);![85254187_821767098287568_2939227178120664297_n](https://user-images.githubusercontent.com/43483189/79246364-82462880-7e79-11ea-9960-021c87396e25.jpg)
;;;;;;;![84128195_1067310020290176_2782346170363970222_n](https://user-images.githubusercontent.com/43483189/79246365-82462880-7e79-11ea-81df-9c23da0b4eed.jpg);![84128195_1067310020290176_2782346170363970222_n](https://user-images.githubusercontent.com/43483189/79246365-82462880-7e79-11ea-81df-9c23da0b4eed.jpg)
;;;;;;;![83472532_217275862774626_5111032878524826637_n](https://user-images.githubusercontent.com/43483189/79246366-82debf00-7e79-11ea-8dc2-7981db59de06.jpg);![83472532_217275862774626_5111032878524826637_n](https://user-images.githubusercontent.com/43483189/79246366-82debf00-7e79-11ea-8dc2-7981db59de06.jpg)
;;;;;;;![83469558_178855856858563_6274080517980471362_n](https://user-images.githubusercontent.com/43483189/79246368-82debf00-7e79-11ea-9a4e-1dcf58007756.jpg);![83469558_178855856858563_6274080517980471362_n](https://user-images.githubusercontent.com/43483189/79246368-82debf00-7e79-11ea-9a4e-1dcf58007756.jpg)
;;;;;;;![83286125_2898488290213283_1167635966881058554_n](https://user-images.githubusercontent.com/43483189/79246369-82debf00-7e79-11ea-808b-601c7291e135.jpg);![83286125_2898488290213283_1167635966881058554_n](https://user-images.githubusercontent.com/43483189/79246369-82debf00-7e79-11ea-808b-601c7291e135.jpg)
;;;;;;;![83234012_167367844559909_7243363773361924732_n](https://user-images.githubusercontent.com/43483189/79246372-83775580-7e79-11ea-904c-026dfc9124b6.jpg);![83234012_167367844559909_7243363773361924732_n](https://user-images.githubusercontent.com/43483189/79246372-83775580-7e79-11ea-904c-026dfc9124b6.jpg)
;;;;;;;![82558292_540818436643450_213262089399092189_n](https://user-images.githubusercontent.com/43483189/79246373-83775580-7e79-11ea-9fb4-ebc8173ab68a.jpg);![82558292_540818436643450_213262089399092189_n](https://user-images.githubusercontent.com/43483189/79246373-83775580-7e79-11ea-9fb4-ebc8173ab68a.jpg)
;;;;;;;![81835645_779924779178042_7569869833949052518_n](https://user-images.githubusercontent.com/43483189/79246374-83775580-7e79-11ea-951e-8b33bf5beb0e.jpg);![81835645_779924779178042_7569869833949052518_n](https://user-images.githubusercontent.com/43483189/79246374-83775580-7e79-11ea-951e-8b33bf5beb0e.jpg)
;;;;;;;![82193388_2502230326553954_6501047889694872167_n](https://user-images.githubusercontent.com/43483189/79246375-840fec00-7e79-11ea-8349-2b3c0ae80b30.jpg);![82193388_2502230326553954_6501047889694872167_n](https://user-images.githubusercontent.com/43483189/79246375-840fec00-7e79-11ea-8349-2b3c0ae80b30.jpg)
;;;;;;;![83047047_135441117935262_6393040671400959386_n](https://user-images.githubusercontent.com/43483189/79246377-840fec00-7e79-11ea-800b-d3abecd27a38.jpg);![83047047_135441117935262_6393040671400959386_n](https://user-images.githubusercontent.com/43483189/79246377-840fec00-7e79-11ea-800b-d3abecd27a38.jpg)
;;;;;;;![71709122_800526003796710_1383447603588461088_n](https://user-images.githubusercontent.com/43483189/79246379-84a88280-7e79-11ea-84ac-1bd7d45b59d7.jpg);![71709122_800526003796710_1383447603588461088_n](https://user-images.githubusercontent.com/43483189/79246379-84a88280-7e79-11ea-84ac-1bd7d45b59d7.jpg)
;;;;;;;![83312928_178883159869944_4961129386110562434_n](https://user-images.githubusercontent.com/43483189/79246381-84a88280-7e79-11ea-82f9-c293cfba2f0c.jpg);![83312928_178883159869944_4961129386110562434_n](https://user-images.githubusercontent.com/43483189/79246381-84a88280-7e79-11ea-82f9-c293cfba2f0c.jpg)
;;;;;;;![80823952_476571536606397_5297544215440312994_n](https://user-images.githubusercontent.com/43483189/79246383-85411900-7e79-11ea-967d-8c136913b1fd.jpg);![80823952_476571536606397_5297544215440312994_n](https://user-images.githubusercontent.com/43483189/79246383-85411900-7e79-11ea-967d-8c136913b1fd.jpg)
;;;;;;;![80893513_897578947306727_2982032021655567195_n](https://user-images.githubusercontent.com/43483189/79246386-85411900-7e79-11ea-83ab-73f581c614fa.jpg);![80893513_897578947306727_2982032021655567195_n](https://user-images.githubusercontent.com/43483189/79246386-85411900-7e79-11ea-83ab-73f581c614fa.jpg)
;;;;;;;![81754241_2468133133405288_6175828478651994894_n](https://user-images.githubusercontent.com/43483189/79246390-85411900-7e79-11ea-8118-5506d8d2ad1e.jpg);![81754241_2468133133405288_6175828478651994894_n](https://user-images.githubusercontent.com/43483189/79246390-85411900-7e79-11ea-8118-5506d8d2ad1e.jpg)
;;;;;;;![82558288_465335024417023_429806678838164374_n](https://user-images.githubusercontent.com/43483189/79246393-85d9af80-7e79-11ea-8eb3-0806da694e5c.jpg);![82558288_465335024417023_429806678838164374_n](https://user-images.githubusercontent.com/43483189/79246393-85d9af80-7e79-11ea-8eb3-0806da694e5c.jpg)
;;;;;;;![79161196_104698084307138_7658475025814857670_n](https://user-images.githubusercontent.com/43483189/79246395-85d9af80-7e79-11ea-8f43-4a8ee22e3b0f.jpg);![79161196_104698084307138_7658475025814857670_n](https://user-images.githubusercontent.com/43483189/79246395-85d9af80-7e79-11ea-8f43-4a8ee22e3b0f.jpg)
;;;;;;;![80586308_187764719070915_414399393192471316_n](https://user-images.githubusercontent.com/43483189/79246398-85d9af80-7e79-11ea-92a8-671f2aaf1f9d.jpg);![80586308_187764719070915_414399393192471316_n](https://user-images.githubusercontent.com/43483189/79246398-85d9af80-7e79-11ea-92a8-671f2aaf1f9d.jpg)
;;;;;;;![79842603_595228581298856_7805288217387242967_n](https://user-images.githubusercontent.com/43483189/79246400-86724600-7e79-11ea-8f3a-f8168bb36486.jpg);![79842603_595228581298856_7805288217387242967_n](https://user-images.githubusercontent.com/43483189/79246400-86724600-7e79-11ea-8f3a-f8168bb36486.jpg)
;;;;;;;![77418960_159606138635178_2703650258392055953_n](https://user-images.githubusercontent.com/43483189/79246401-870adc80-7e79-11ea-83bc-2a95a61e23cc.jpg);![77418960_159606138635178_2703650258392055953_n](https://user-images.githubusercontent.com/43483189/79246401-870adc80-7e79-11ea-83bc-2a95a61e23cc.jpg)
;;;;;;;![79379855_745972472555340_8952384375536696056_n](https://user-images.githubusercontent.com/43483189/79246403-870adc80-7e79-11ea-93bf-dd7741bbceff.jpg);![79379855_745972472555340_8952384375536696056_n](https://user-images.githubusercontent.com/43483189/79246403-870adc80-7e79-11ea-93bf-dd7741bbceff.jpg)
;;;;;;;![77286822_104938324278721_7172331450968233358_n](https://user-images.githubusercontent.com/43483189/79246404-870adc80-7e79-11ea-83cd-9c248076a189.jpg);![77286822_104938324278721_7172331450968233358_n](https://user-images.githubusercontent.com/43483189/79246404-870adc80-7e79-11ea-83cd-9c248076a189.jpg)
;;;;;;;![74602349_2900379823353156_4240813861274728298_n](https://user-images.githubusercontent.com/43483189/79246405-87a37300-7e79-11ea-8492-38eaf9ca70d7.jpg);![74602349_2900379823353156_4240813861274728298_n](https://user-images.githubusercontent.com/43483189/79246405-87a37300-7e79-11ea-8492-38eaf9ca70d7.jpg)
;;;;;;;![80480485_2528613080796755_6289871312582845331_n](https://user-images.githubusercontent.com/43483189/79246406-87a37300-7e79-11ea-9e79-9c237d99a14f.jpg);![80480485_2528613080796755_6289871312582845331_n](https://user-images.githubusercontent.com/43483189/79246406-87a37300-7e79-11ea-9e79-9c237d99a14f.jpg)
;;;;;;;![75629085_521987238527210_1176622805847992744_n](https://user-images.githubusercontent.com/43483189/79246407-883c0980-7e79-11ea-9db6-a1f6990bbb28.jpg);![75629085_521987238527210_1176622805847992744_n](https://user-images.githubusercontent.com/43483189/79246407-883c0980-7e79-11ea-9db6-a1f6990bbb28.jpg)
;;;;;;;![72769694_256903385283782_6356334937077488378_n](https://user-images.githubusercontent.com/43483189/79246408-883c0980-7e79-11ea-8735-91f886294c77.jpg);![72769694_256903385283782_6356334937077488378_n](https://user-images.githubusercontent.com/43483189/79246408-883c0980-7e79-11ea-8735-91f886294c77.jpg)
;;;;;;;![75534232_2420199431528138_8816182063649651157_n](https://user-images.githubusercontent.com/43483189/79246409-88d4a000-7e79-11ea-9170-1fc01a817da5.jpg);![75534232_2420199431528138_8816182063649651157_n](https://user-images.githubusercontent.com/43483189/79246409-88d4a000-7e79-11ea-9170-1fc01a817da5.jpg)
;;;;;;;![79346591_814614285625454_2473189862957724119_n](https://user-images.githubusercontent.com/43483189/79246413-88d4a000-7e79-11ea-8292-08999d931705.jpg);![79346591_814614285625454_2473189862957724119_n](https://user-images.githubusercontent.com/43483189/79246413-88d4a000-7e79-11ea-8292-08999d931705.jpg)
;;;;;;;![75300051_2484456688465795_5417160066191320324_n](https://user-images.githubusercontent.com/43483189/79246414-896d3680-7e79-11ea-97c8-33300d1e5cde.jpg);![75300051_2484456688465795_5417160066191320324_n](https://user-images.githubusercontent.com/43483189/79246414-896d3680-7e79-11ea-97c8-33300d1e5cde.jpg)
;;;;;;;![70444418_423569204988051_1034565289436856904_n](https://user-images.githubusercontent.com/43483189/79246416-896d3680-7e79-11ea-8bd6-fadbb79be838.jpg);![70444418_423569204988051_1034565289436856904_n](https://user-images.githubusercontent.com/43483189/79246416-896d3680-7e79-11ea-8bd6-fadbb79be838.jpg)
;;;;;;;![73457436_3173480866059778_3078985711312014043_n](https://user-images.githubusercontent.com/43483189/79246419-896d3680-7e79-11ea-981f-31f7c3797584.jpg);![73457436_3173480866059778_3078985711312014043_n](https://user-images.githubusercontent.com/43483189/79246419-896d3680-7e79-11ea-981f-31f7c3797584.jpg)
;;;;;;;![71521886_101226084670397_1254498317518981155_n](https://user-images.githubusercontent.com/43483189/79246420-8a05cd00-7e79-11ea-9f59-58bc24dbf67b.jpg);![71521886_101226084670397_1254498317518981155_n](https://user-images.githubusercontent.com/43483189/79246420-8a05cd00-7e79-11ea-9f59-58bc24dbf67b.jpg)
;;;;;;;![73096556_559079724652888_2589732149345705865_n](https://user-images.githubusercontent.com/43483189/79246422-8a05cd00-7e79-11ea-8933-a69c97ecaeb5.jpg);![73096556_559079724652888_2589732149345705865_n](https://user-images.githubusercontent.com/43483189/79246422-8a05cd00-7e79-11ea-8933-a69c97ecaeb5.jpg)
;;;;;;;![73401863_146215386686713_4138780066516299703_n](https://user-images.githubusercontent.com/43483189/79246424-8a9e6380-7e79-11ea-9cb8-00ec78eab410.jpg);![73401863_146215386686713_4138780066516299703_n](https://user-images.githubusercontent.com/43483189/79246424-8a9e6380-7e79-11ea-9cb8-00ec78eab410.jpg)
;;;;;;;![77248119_2591873440894874_1115338035411426991_n](https://user-images.githubusercontent.com/43483189/79246425-8a9e6380-7e79-11ea-8af6-e59510d169d2.jpg);![77248119_2591873440894874_1115338035411426991_n](https://user-images.githubusercontent.com/43483189/79246425-8a9e6380-7e79-11ea-8af6-e59510d169d2.jpg)
;;;;;;;![75225550_838403619910097_8387982981761708308_n](https://user-images.githubusercontent.com/43483189/79246426-8b36fa00-7e79-11ea-9923-724219d3c87f.jpg);![75225550_838403619910097_8387982981761708308_n](https://user-images.githubusercontent.com/43483189/79246426-8b36fa00-7e79-11ea-9923-724219d3c87f.jpg)
;;;;;;;![74373980_524238264974771_7017139884127383083_n](https://user-images.githubusercontent.com/43483189/79246427-8b36fa00-7e79-11ea-90ae-579ab50673bc.jpg);![74373980_524238264974771_7017139884127383083_n](https://user-images.githubusercontent.com/43483189/79246427-8b36fa00-7e79-11ea-90ae-579ab50673bc.jpg)
;;;;;;;![71893995_878959669166311_1263926698687399327_n](https://user-images.githubusercontent.com/43483189/79246429-8b36fa00-7e79-11ea-9c68-7e80a73e9017.jpg);![71893995_878959669166311_1263926698687399327_n](https://user-images.githubusercontent.com/43483189/79246429-8b36fa00-7e79-11ea-9c68-7e80a73e9017.jpg)
;;;;;;;![74687623_172775800468593_3053838053713497719_n](https://user-images.githubusercontent.com/43483189/79246430-8bcf9080-7e79-11ea-93fa-abe0add5d55c.jpg);![74687623_172775800468593_3053838053713497719_n](https://user-images.githubusercontent.com/43483189/79246430-8bcf9080-7e79-11ea-93fa-abe0add5d55c.jpg)
;;;;;;;![72698472_488831575178118_4284093253055778487_n](https://user-images.githubusercontent.com/43483189/79246432-8bcf9080-7e79-11ea-8ab3-b6a24f784761.jpg);![72698472_488831575178118_4284093253055778487_n](https://user-images.githubusercontent.com/43483189/79246432-8bcf9080-7e79-11ea-8ab3-b6a24f784761.jpg)
;;;;;;;![71518029_123674632024322_2554824066609104015_n](https://user-images.githubusercontent.com/43483189/79246435-8c682700-7e79-11ea-8915-63f3e4ae832e.jpg);![71518029_123674632024322_2554824066609104015_n](https://user-images.githubusercontent.com/43483189/79246435-8c682700-7e79-11ea-8915-63f3e4ae832e.jpg)
;;;;;;;![72781847_142445940432677_4034363822907608746_n](https://user-images.githubusercontent.com/43483189/79246436-8c682700-7e79-11ea-8819-adc52916aa35.jpg);![72781847_142445940432677_4034363822907608746_n](https://user-images.githubusercontent.com/43483189/79246436-8c682700-7e79-11ea-8819-adc52916aa35.jpg)
;;;;;;;![75244436_467207754149684_6562704210923637584_n](https://user-images.githubusercontent.com/43483189/79246438-8c682700-7e79-11ea-810d-6023aff2cf59.jpg);![75244436_467207754149684_6562704210923637584_n](https://user-images.githubusercontent.com/43483189/79246438-8c682700-7e79-11ea-810d-6023aff2cf59.jpg)
;;;;;;;![73414107_1006462523027484_3088535153588101958_n](https://user-images.githubusercontent.com/43483189/79246439-8d00bd80-7e79-11ea-854d-84e0bb211ddc.jpg);![73414107_1006462523027484_3088535153588101958_n](https://user-images.githubusercontent.com/43483189/79246439-8d00bd80-7e79-11ea-854d-84e0bb211ddc.jpg)
;;;;;;;![75576704_167789740976982_4435486960027374144_n](https://user-images.githubusercontent.com/43483189/79246440-8d00bd80-7e79-11ea-8e89-60c717b2c011.jpg);![75576704_167789740976982_4435486960027374144_n](https://user-images.githubusercontent.com/43483189/79246440-8d00bd80-7e79-11ea-8e89-60c717b2c011.jpg)
;;;;;;;![75285387_3349814875043773_7960602662874235611_n](https://user-images.githubusercontent.com/43483189/79246442-8d995400-7e79-11ea-800a-e21eba296058.jpg);![75285387_3349814875043773_7960602662874235611_n](https://user-images.githubusercontent.com/43483189/79246442-8d995400-7e79-11ea-800a-e21eba296058.jpg)
;;;;;;;![74953522_401831530478551_6816863554193496889_n](https://user-images.githubusercontent.com/43483189/79246445-8d995400-7e79-11ea-94bc-111e199c4fe6.jpg);![74953522_401831530478551_6816863554193496889_n](https://user-images.githubusercontent.com/43483189/79246445-8d995400-7e79-11ea-94bc-111e199c4fe6.jpg)
;;;;;;;![75079747_519407088624087_183395651318861038_n](https://user-images.githubusercontent.com/43483189/79246448-8d995400-7e79-11ea-898f-a71466faa92b.jpg);![75079747_519407088624087_183395651318861038_n](https://user-images.githubusercontent.com/43483189/79246448-8d995400-7e79-11ea-898f-a71466faa92b.jpg)
;;;;;;;![71188834_794014064351027_5251626748081234957_n](https://user-images.githubusercontent.com/43483189/79246450-8e31ea80-7e79-11ea-837c-0abfe31438f9.jpg);![71188834_794014064351027_5251626748081234957_n](https://user-images.githubusercontent.com/43483189/79246450-8e31ea80-7e79-11ea-837c-0abfe31438f9.jpg)
;;;;;;;![71314861_1425679217607845_5245595456457267671_n](https://user-images.githubusercontent.com/43483189/79246452-8e31ea80-7e79-11ea-8cfa-4c70f0e932ce.jpg);![71314861_1425679217607845_5245595456457267671_n](https://user-images.githubusercontent.com/43483189/79246452-8e31ea80-7e79-11ea-8cfa-4c70f0e932ce.jpg)
;;;;;;;![72448750_385294792382256_3915466989031203809_n](https://user-images.githubusercontent.com/43483189/79246455-8eca8100-7e79-11ea-8939-cf4918ab252b.jpg);![72448750_385294792382256_3915466989031203809_n](https://user-images.githubusercontent.com/43483189/79246455-8eca8100-7e79-11ea-8939-cf4918ab252b.jpg)
;;;;;;;![71035410_2802543169973037_5714687035741660496_n](https://user-images.githubusercontent.com/43483189/79246456-8eca8100-7e79-11ea-892b-75f8a0f136ca.jpg);![71035410_2802543169973037_5714687035741660496_n](https://user-images.githubusercontent.com/43483189/79246456-8eca8100-7e79-11ea-892b-75f8a0f136ca.jpg)
;;;;;;;![70243212_443380709860422_799748572018537893_n](https://user-images.githubusercontent.com/43483189/79246459-8f631780-7e79-11ea-9877-918a4da44afb.jpg);![70243212_443380709860422_799748572018537893_n](https://user-images.githubusercontent.com/43483189/79246459-8f631780-7e79-11ea-9877-918a4da44afb.jpg)
;;;;;;;![70294470_393068491614459_5226291506319208385_n](https://user-images.githubusercontent.com/43483189/79246460-8f631780-7e79-11ea-9b07-c9e5f99539a0.jpg);![70294470_393068491614459_5226291506319208385_n](https://user-images.githubusercontent.com/43483189/79246460-8f631780-7e79-11ea-9b07-c9e5f99539a0.jpg)
;;;;;;;![69905419_153900565704682_5626856101887919484_n](https://user-images.githubusercontent.com/43483189/79246462-8ffbae00-7e79-11ea-9a6f-ad7eaf89834c.jpg);![69905419_153900565704682_5626856101887919484_n](https://user-images.githubusercontent.com/43483189/79246462-8ffbae00-7e79-11ea-9a6f-ad7eaf89834c.jpg)
;;;;;;;![70765381_359679318249342_5926324789070544709_n](https://user-images.githubusercontent.com/43483189/79246466-8ffbae00-7e79-11ea-9fdd-baf9146a19be.jpg);![70765381_359679318249342_5926324789070544709_n](https://user-images.githubusercontent.com/43483189/79246466-8ffbae00-7e79-11ea-9fdd-baf9146a19be.jpg)
;;;;;;;![69268255_139052424035702_5578533913065023286_n](https://user-images.githubusercontent.com/43483189/79246467-90944480-7e79-11ea-94cb-3f30471bbb50.jpg);![69268255_139052424035702_5578533913065023286_n](https://user-images.githubusercontent.com/43483189/79246467-90944480-7e79-11ea-94cb-3f30471bbb50.jpg)
;;;;;;;![69627140_2485933224841655_2072603391647096134_n](https://user-images.githubusercontent.com/43483189/79246471-8ffbae00-7e79-11ea-9e76-ead4d61a71c9.jpg);![69627140_2485933224841655_2072603391647096134_n](https://user-images.githubusercontent.com/43483189/79246471-8ffbae00-7e79-11ea-9e76-ead4d61a71c9.jpg)
;;;;;;;![68842004_1653361121461209_6832585443758269811_n](https://user-images.githubusercontent.com/43483189/79246473-912cdb00-7e79-11ea-9d84-1cfca0bd6583.jpg);![68842004_1653361121461209_6832585443758269811_n](https://user-images.githubusercontent.com/43483189/79246473-912cdb00-7e79-11ea-9d84-1cfca0bd6583.jpg)
;;;;;;;![71097967_891248117926585_2044225088643577685_n](https://user-images.githubusercontent.com/43483189/79246474-91c57180-7e79-11ea-86a6-5424bd4eecdc.jpg);![71097967_891248117926585_2044225088643577685_n](https://user-images.githubusercontent.com/43483189/79246474-91c57180-7e79-11ea-86a6-5424bd4eecdc.jpg)
;;;;;;;![67404449_124193802271886_338351364208199109_n](https://user-images.githubusercontent.com/43483189/79246475-91c57180-7e79-11ea-85b2-5ab5de8b28af.jpg);![67404449_124193802271886_338351364208199109_n](https://user-images.githubusercontent.com/43483189/79246475-91c57180-7e79-11ea-85b2-5ab5de8b28af.jpg)
;;;;;;;![68732098_509652989786378_5687565314510047398_n](https://user-images.githubusercontent.com/43483189/79246477-925e0800-7e79-11ea-953f-90f6e10b58e7.jpg);![68732098_509652989786378_5687565314510047398_n](https://user-images.githubusercontent.com/43483189/79246477-925e0800-7e79-11ea-953f-90f6e10b58e7.jpg)
;;;;;;;![67543319_512662576162186_4484765604300572350_n](https://user-images.githubusercontent.com/43483189/79246479-925e0800-7e79-11ea-8a90-6a2261b08c8a.jpg);![67543319_512662576162186_4484765604300572350_n](https://user-images.githubusercontent.com/43483189/79246479-925e0800-7e79-11ea-8a90-6a2261b08c8a.jpg)
;;;;;;;![68878223_536443300231545_8377084424301690223_n](https://user-images.githubusercontent.com/43483189/79246480-92f69e80-7e79-11ea-935e-c9fdc39d0bf0.jpg);![68878223_536443300231545_8377084424301690223_n](https://user-images.githubusercontent.com/43483189/79246480-92f69e80-7e79-11ea-935e-c9fdc39d0bf0.jpg)
;;;;;;;![67069655_373045933368910_6524924148476399610_n](https://user-images.githubusercontent.com/43483189/79246483-92f69e80-7e79-11ea-9a40-6c17367ef88c.jpg);![67069655_373045933368910_6524924148476399610_n](https://user-images.githubusercontent.com/43483189/79246483-92f69e80-7e79-11ea-9a40-6c17367ef88c.jpg)
;;;;;;;![67978115_1317858881723454_5649582469687397620_n](https://user-images.githubusercontent.com/43483189/79246485-938f3500-7e79-11ea-8bf5-a46156268d7c.jpg);![67978115_1317858881723454_5649582469687397620_n](https://user-images.githubusercontent.com/43483189/79246485-938f3500-7e79-11ea-8bf5-a46156268d7c.jpg)
;;;;;;;![67502416_137687670788756_7724368236669270796_n](https://user-images.githubusercontent.com/43483189/79246486-938f3500-7e79-11ea-9d53-74d1bc21fa96.jpg);![67502416_137687670788756_7724368236669270796_n](https://user-images.githubusercontent.com/43483189/79246486-938f3500-7e79-11ea-9d53-74d1bc21fa96.jpg)
;;;;;;;![68851147_101771201153165_2258079910119868356_n](https://user-images.githubusercontent.com/43483189/79246490-938f3500-7e79-11ea-8cd3-a0c366a44ef9.jpg);![68851147_101771201153165_2258079910119868356_n](https://user-images.githubusercontent.com/43483189/79246490-938f3500-7e79-11ea-8cd3-a0c366a44ef9.jpg)
;;;;;;;![67451983_2064494570514089_4780850301242344601_n](https://user-images.githubusercontent.com/43483189/79246493-9427cb80-7e79-11ea-9ae2-3286e7676359.jpg);![67451983_2064494570514089_4780850301242344601_n](https://user-images.githubusercontent.com/43483189/79246493-9427cb80-7e79-11ea-9ae2-3286e7676359.jpg)
;;;;;;;![66634290_372931773653903_4502406008738590843_n](https://user-images.githubusercontent.com/43483189/79246495-9427cb80-7e79-11ea-8da4-d4955dfa9615.jpg);![66634290_372931773653903_4502406008738590843_n](https://user-images.githubusercontent.com/43483189/79246495-9427cb80-7e79-11ea-8da4-d4955dfa9615.jpg)
;;;;;;;![66844313_154356725745764_4936909329871585735_n](https://user-images.githubusercontent.com/43483189/79246496-94c06200-7e79-11ea-904e-577da9b31cc5.jpg);![66844313_154356725745764_4936909329871585735_n](https://user-images.githubusercontent.com/43483189/79246496-94c06200-7e79-11ea-904e-577da9b31cc5.jpg)
;;;;;;;![66665671_472686760184379_7863752012619567905_n](https://user-images.githubusercontent.com/43483189/79246499-9558f880-7e79-11ea-98a6-073ce1c2533c.jpg);![66665671_472686760184379_7863752012619567905_n](https://user-images.githubusercontent.com/43483189/79246499-9558f880-7e79-11ea-98a6-073ce1c2533c.jpg)
;;;;;;;![66174099_391345754889436_2037384789574491428_n](https://user-images.githubusercontent.com/43483189/79246500-9558f880-7e79-11ea-8ebc-a42dbbe2fef1.jpg);![66174099_391345754889436_2037384789574491428_n](https://user-images.githubusercontent.com/43483189/79246500-9558f880-7e79-11ea-8ebc-a42dbbe2fef1.jpg)
;;;;;;;![53524129_129233521493752_3844296615006832083_n](https://user-images.githubusercontent.com/43483189/79246502-9558f880-7e79-11ea-9c9c-4203589adf67.jpg);![53524129_129233521493752_3844296615006832083_n](https://user-images.githubusercontent.com/43483189/79246502-9558f880-7e79-11ea-9c9c-4203589adf67.jpg)
;;;;;;;![53930316_212958782993357_3237196967152116378_n](https://user-images.githubusercontent.com/43483189/79246504-95f18f00-7e79-11ea-9baa-165fae36d7ba.jpg);![53930316_212958782993357_3237196967152116378_n](https://user-images.githubusercontent.com/43483189/79246504-95f18f00-7e79-11ea-9baa-165fae36d7ba.jpg)
;;;;;;;![53112189_1546855158778901_6535953555523192751_n](https://user-images.githubusercontent.com/43483189/79246505-95f18f00-7e79-11ea-952c-eb10ce0fb5ec.jpg);![53112189_1546855158778901_6535953555523192751_n](https://user-images.githubusercontent.com/43483189/79246505-95f18f00-7e79-11ea-952c-eb10ce0fb5ec.jpg)
;;;;;;;![53271765_263747731177101_2032051048284659664_n](https://user-images.githubusercontent.com/43483189/79246507-968a2580-7e79-11ea-8c65-e97389aeed37.jpg);![53271765_263747731177101_2032051048284659664_n](https://user-images.githubusercontent.com/43483189/79246507-968a2580-7e79-11ea-8c65-e97389aeed37.jpg)
;;;;;;;![51567926_548954812256259_4964532906992659880_n](https://user-images.githubusercontent.com/43483189/79246525-98ec7f80-7e79-11ea-8a79-93409d5ad03e.jpg);![51567926_548954812256259_4964532906992659880_n](https://user-images.githubusercontent.com/43483189/79246525-98ec7f80-7e79-11ea-8a79-93409d5ad03e.jpg)
;;;;;;;![53402124_2418576025041925_5004426012824676130_n](https://user-images.githubusercontent.com/43483189/79246509-968a2580-7e79-11ea-8252-3d946c552915.jpg);![53402124_2418576025041925_5004426012824676130_n](https://user-images.githubusercontent.com/43483189/79246509-968a2580-7e79-11ea-8252-3d946c552915.jpg)
;;;;;;;![51978533_837738089904598_598503098664738611_n](https://user-images.githubusercontent.com/43483189/79246510-9722bc00-7e79-11ea-8f05-ddc235e63701.jpg);![51978533_837738089904598_598503098664738611_n](https://user-images.githubusercontent.com/43483189/79246510-9722bc00-7e79-11ea-8f05-ddc235e63701.jpg)
;;;;;;;![53043260_563556014048048_1838479215392293488_n](https://user-images.githubusercontent.com/43483189/79246512-9722bc00-7e79-11ea-9840-7556e01c8f9b.jpg);![53043260_563556014048048_1838479215392293488_n](https://user-images.githubusercontent.com/43483189/79246512-9722bc00-7e79-11ea-9840-7556e01c8f9b.jpg)
;;;;;;;![53792817_385866842196083_2082736647084830974_n](https://user-images.githubusercontent.com/43483189/79246514-9722bc00-7e79-11ea-99ce-a2deb7b1a652.jpg);![53792817_385866842196083_2082736647084830974_n](https://user-images.githubusercontent.com/43483189/79246514-9722bc00-7e79-11ea-99ce-a2deb7b1a652.jpg)
;;;;;;;![52111553_165278107794167_5448637994436204487_n](https://user-images.githubusercontent.com/43483189/79246515-97bb5280-7e79-11ea-8466-a8916eb60b79.jpg);![52111553_165278107794167_5448637994436204487_n](https://user-images.githubusercontent.com/43483189/79246515-97bb5280-7e79-11ea-8466-a8916eb60b79.jpg)
;;;;;;;![50832986_2097636776940310_7776776648920324714_n](https://user-images.githubusercontent.com/43483189/79246516-97bb5280-7e79-11ea-9353-46a31e11d4e1.jpg);![50832986_2097636776940310_7776776648920324714_n](https://user-images.githubusercontent.com/43483189/79246516-97bb5280-7e79-11ea-9353-46a31e11d4e1.jpg)
;;;;;;;![52681238_124450305285977_1642807487373741372_n](https://user-images.githubusercontent.com/43483189/79246519-9853e900-7e79-11ea-8d11-fa51d7163221.jpg);![52681238_124450305285977_1642807487373741372_n](https://user-images.githubusercontent.com/43483189/79246519-9853e900-7e79-11ea-8d11-fa51d7163221.jpg)
;;;;;;;![52895390_361220857798743_1774743465345628771_n](https://user-images.githubusercontent.com/43483189/79246521-9853e900-7e79-11ea-93b8-82af3070cbef.jpg);![52895390_361220857798743_1774743465345628771_n](https://user-images.githubusercontent.com/43483189/79246521-9853e900-7e79-11ea-93b8-82af3070cbef.jpg)
;;;;;;;![52183967_1445927915544151_2923073489118041276_n](https://user-images.githubusercontent.com/43483189/79246522-98ec7f80-7e79-11ea-9c32-d36fcf7bcf17.jpg);![52183967_1445927915544151_2923073489118041276_n](https://user-images.githubusercontent.com/43483189/79246522-98ec7f80-7e79-11ea-9c32-d36fcf7bcf17.jpg)
