id;category_en;category_cn;tag_en;tag_cn;title_en;title_cn;subtitle_en;subtitle_cn;content_en;content_cn;source;avater;normal;vip1;vip2
100;USA;??;sport;??;dsdsds;???;Some subtitle;Some subtitle;Some content;Some content;ins;![39910190_675626559484183_8812733243532493652_n](https://user-images.githubusercontent.com/43483189/79358552-9f462e80-7f41-11ea-9897-6bb943d17e02.jpg);![91771450_253313669168597_6102573076711131643_n](https://user-images.githubusercontent.com/43483189/79356642-876dab00-7f3f-11ea-9c96-ee173818c806.jpg);![37574230_2273983166163046_5448208925994254336_n](https://user-images.githubusercontent.com/43483189/79356673-8ccaf580-7f3f-11ea-9260-c07cc0f08db5.jpg);![46148016_780095948992186_292679605235429060_n](https://user-images.githubusercontent.com/43483189/79356723-948a9a00-7f3f-11ea-8e70-f628e74098d6.jpg)
;;;;;;;;;;;;![46148016_780095948992186_292679605235429060_n](https://user-images.githubusercontent.com/43483189/79356723-948a9a00-7f3f-11ea-8e70-f628e74098d6.jpg);![91796211_521954418756449_8976084143864261526_n](https://user-images.githubusercontent.com/43483189/79356646-88064180-7f3f-11ea-8df8-12637fd2ba5e.jpg);![38477210_1581327112173993_4082617344017301504_n](https://user-images.githubusercontent.com/43483189/79356674-8ccaf580-7f3f-11ea-905f-6aa32011372d.jpg);![46313029_538892329916353_8595188419797165796_n](https://user-images.githubusercontent.com/43483189/79356725-948a9a00-7f3f-11ea-91f1-6a47f4a9b0ca.jpg)
;;;;;;;;;;;;![46313029_538892329916353_8595188419797165796_n](https://user-images.githubusercontent.com/43483189/79356725-948a9a00-7f3f-11ea-91f1-6a47f4a9b0ca.jpg);![92010979_700642704002307_4965876618183085729_n](https://user-images.githubusercontent.com/43483189/79356647-889ed800-7f3f-11ea-963d-a553a4178bbb.jpg);![38744466_256540561636723_2501358209814495232_n](https://user-images.githubusercontent.com/43483189/79356675-8d638c00-7f3f-11ea-968b-62857e8fbc4c.jpg);![46777220_2042598196030693_8623584524869953627_n](https://user-images.githubusercontent.com/43483189/79356726-95233080-7f3f-11ea-8ddd-850ad370951e.jpg)
;;;;;;;;;;;;![46777220_2042598196030693_8623584524869953627_n](https://user-images.githubusercontent.com/43483189/79356726-95233080-7f3f-11ea-8ddd-850ad370951e.jpg);![92220161_608009086462890_4228343695018433677_n](https://user-images.githubusercontent.com/43483189/79356649-889ed800-7f3f-11ea-9ea6-ebbc2be30a61.jpg);![38801509_522575188193825_7586617814903947264_n](https://user-images.githubusercontent.com/43483189/79356676-8d638c00-7f3f-11ea-9d84-c4d0bb539c9a.jpg);![46850151_129569458050770_2367725164599665577_n](https://user-images.githubusercontent.com/43483189/79356727-95233080-7f3f-11ea-94b0-cc6bf72e5767.jpg)
;;;;;;;;;;;;![50801927_2286305994747999_1222123073308640911_n](https://user-images.githubusercontent.com/43483189/79246190-6773b400-7e79-11ea-93ef-f20826b25d67.jpg);![92685663_156217395752434_7369109704902803283_n](https://user-images.githubusercontent.com/43483189/79356651-89376e80-7f3f-11ea-8377-9eee6f607684.jpg);![39162554_2081342161899414_3717762397662871552_n](https://user-images.githubusercontent.com/43483189/79356679-8dfc2280-7f3f-11ea-90ec-ca68eede4bdf.jpg);![47353525_395885347849683_6607857736199268471_n](https://user-images.githubusercontent.com/43483189/79356729-95bbc700-7f3f-11ea-8e5d-118adfcb3429.jpg)
;;;;;;;;;;;;![49735479_324994061690588_4286287876068123828_n](https://user-images.githubusercontent.com/43483189/79246192-680c4a80-7e79-11ea-84f8-01b3e684185b.jpg);![92778685_1457176067796838_3803092369946000978_n](https://user-images.githubusercontent.com/43483189/79356652-89376e80-7f3f-11ea-8e89-e92bdde623ef.jpg);![39309311_239623980081537_810838917237440512_n](https://user-images.githubusercontent.com/43483189/79356680-8dfc2280-7f3f-11ea-88f1-3bc535eaa227.jpg);![47491730_528847384285999_6403335698970881279_n](https://user-images.githubusercontent.com/43483189/79356731-96545d80-7f3f-11ea-98df-c71168b77887.jpg)
;;;;;;;;;;;;![49285478_582322562192846_994801717830043306_n](https://user-images.githubusercontent.com/43483189/79246193-680c4a80-7e79-11ea-9070-400ef93e9c3c.jpg);![92816864_533628990905905_9080560766893961442_n](https://user-images.githubusercontent.com/43483189/79356653-89d00500-7f3f-11ea-8f4b-d741fe579919.jpg);![39724118_183574355774878_8040136631597924352_n](https://user-images.githubusercontent.com/43483189/79356681-8dfc2280-7f3f-11ea-9a8f-a0b793fb162c.jpg);![47586255_321166871939721_4545266991681584974_n](https://user-images.githubusercontent.com/43483189/79356733-96545d80-7f3f-11ea-9fd2-7efd798e0bfd.jpg)
;;;;;;;;;;;;![50032373_2209369542459786_1053188834923436375_n](https://user-images.githubusercontent.com/43483189/79246195-680c4a80-7e79-11ea-8ef4-be95e7a7daa6.jpg);![92962924_797481937444957_5333834332238268000_n](https://user-images.githubusercontent.com/43483189/79356655-89d00500-7f3f-11ea-9c9f-3d786163a819.jpg);![39910190_675626559484183_8812733243532493652_n](https://user-images.githubusercontent.com/43483189/79356683-8e94b900-7f3f-11ea-996e-d9e04283e5e0.jpg);![47690921_264769997535605_1950818458565268615_n](https://user-images.githubusercontent.com/43483189/79356734-96ecf400-7f3f-11ea-898a-100cb5f985e5.jpg)
;;;;;;;;;;;;![47586463_232543297669234_5564772023831180322_n](https://user-images.githubusercontent.com/43483189/79246196-68a4e100-7e79-11ea-8c31-8285d97fd4c2.jpg);![23735097_132341134108507_4946589817069633536_n](https://user-images.githubusercontent.com/43483189/79356657-89d00500-7f3f-11ea-9ab7-1463932174fe.jpg);![40064389_164254657779255_50132535817789265_n](https://user-images.githubusercontent.com/43483189/79356687-8e94b900-7f3f-11ea-9928-181084a1ad58.jpg);![47692044_583186348815903_2348961130232665139_n](https://user-images.githubusercontent.com/43483189/79356736-96ecf400-7f3f-11ea-9ba0-613cdcd86df3.jpg)
;;;;;;;;;;;;![49907217_495142784342982_1217777848324692437_n](https://user-images.githubusercontent.com/43483189/79246197-68a4e100-7e79-11ea-9727-2eb8ac1f6203.jpg);![26068348_1443416419120725_1727456737172127744_n](https://user-images.githubusercontent.com/43483189/79356658-8a689b80-7f3f-11ea-8293-282598d4ad8a.jpg);![41163381_266056620692182_3976943746359845625_n](https://user-images.githubusercontent.com/43483189/79356689-8e94b900-7f3f-11ea-9a2f-62b760b8c62e.jpg);![47694750_2064706077153006_3925281154094811029_n](https://user-images.githubusercontent.com/43483189/79356739-97858a80-7f3f-11ea-91f5-374d828f2557.jpg)
;;;;;;;;;;;;![92685663_156217395752434_7369109704902803283_n](https://user-images.githubusercontent.com/43483189/79356651-89376e80-7f3f-11ea-8377-9eee6f607684.jpg);![26864491_355196134891189_3239732382999248896_n](https://user-images.githubusercontent.com/43483189/79356660-8a689b80-7f3f-11ea-813f-515ad758ecf9.jpg);![41726431_2168160103444347_2569344699770281242_n](https://user-images.githubusercontent.com/43483189/79356691-8f2d4f80-7f3f-11ea-8c5d-5d53a3bac9f1.jpg);![49281041_2439532372754986_6215343881982853468_n](https://user-images.githubusercontent.com/43483189/79356743-97858a80-7f3f-11ea-88b5-9eda562134f2.jpg)
;;;;;;;;;;;;![92778685_1457176067796838_3803092369946000978_n](https://user-images.githubusercontent.com/43483189/79356652-89376e80-7f3f-11ea-8e89-e92bdde623ef.jpg);![27879243_145003719524169_7575662435663609856_n](https://user-images.githubusercontent.com/43483189/79356663-8b013200-7f3f-11ea-91f0-20da62282b2e.jpg);![41845276_249319432444491_1664430527333707278_n](https://user-images.githubusercontent.com/43483189/79356694-8f2d4f80-7f3f-11ea-9292-244417c28cd5.jpg);![49475046_602237960205990_1755857248562571887_n](https://user-images.githubusercontent.com/43483189/79356745-981e2100-7f3f-11ea-9734-06e575cfec9d.jpg)
;;;;;;;;;;;;![92816864_533628990905905_9080560766893961442_n](https://user-images.githubusercontent.com/43483189/79356653-89d00500-7f3f-11ea-8f4b-d741fe579919.jpg);![30084282_760886800788799_57347262329651200_n](https://user-images.githubusercontent.com/43483189/79356665-8b013200-7f3f-11ea-96d7-17178f8ca285.jpg);![42002674_1462061483938262_6815041532079587845_n](https://user-images.githubusercontent.com/43483189/79356695-8fc5e600-7f3f-11ea-9c54-381173f504e4.jpg);![49608794_304706130183329_7095549386579670701_n](https://user-images.githubusercontent.com/43483189/79356747-981e2100-7f3f-11ea-967b-bcbdbb49be89.jpg)
;;;;;;;;;;;;![92962924_797481937444957_5333834332238268000_n](https://user-images.githubusercontent.com/43483189/79356655-89d00500-7f3f-11ea-9c9f-3d786163a819.jpg);![33424378_1624636034257370_30720372059930624_n](https://user-images.githubusercontent.com/43483189/79356666-8b013200-7f3f-11ea-87d0-a2133f0ffb1a.jpg);![42701233_242879529920270_6813820201073641298_n](https://user-images.githubusercontent.com/43483189/79356696-8fc5e600-7f3f-11ea-88e5-40ea26c4725e.jpg);![49693463_292659318102083_3424650524948600613_n](https://user-images.githubusercontent.com/43483189/79356748-98b6b780-7f3f-11ea-871f-9a59c4c8dd26.jpg)
;;;;;;;;;;;;;![34864013_809259392607869_9108188100672094208_n](https://user-images.githubusercontent.com/43483189/79356667-8b99c880-7f3f-11ea-8d51-57995c2ca69b.jpg);![42792426_272656146702021_8144778285825846890_n](https://user-images.githubusercontent.com/43483189/79356700-905e7c80-7f3f-11ea-920e-9be8a011057a.jpg);![50638506_2179109528817741_8383908112258719972_n](https://user-images.githubusercontent.com/43483189/79356750-98b6b780-7f3f-11ea-9e40-10371117e213.jpg)
;;;;;;;;;;;;;![36160387_201241420593926_1287474025307570176_n](https://user-images.githubusercontent.com/43483189/79356668-8b99c880-7f3f-11ea-8118-bffea92953e3.jpg);![42910777_1304881082987238_370801710108971862_n](https://user-images.githubusercontent.com/43483189/79356701-905e7c80-7f3f-11ea-9a20-9b6a6c503734.jpg);![50658597_233531347532872_396829839609727165_n](https://user-images.githubusercontent.com/43483189/79356752-98b6b780-7f3f-11ea-800e-563a1aa03e86.jpg)
;;;;;;;;;;;;;![36498869_430174604132538_6570562800463118336_n](https://user-images.githubusercontent.com/43483189/79356669-8c325f00-7f3f-11ea-8cd9-8a3be17a4c60.jpg);![42934514_2277976005771872_3677623734911274589_n](https://user-images.githubusercontent.com/43483189/79356702-90f71300-7f3f-11ea-95aa-f265e654835a.jpg);![50740928_381473205763813_6527315432026956128_n](https://user-images.githubusercontent.com/43483189/79356753-994f4e00-7f3f-11ea-9be5-50736df0fbd8.jpg)
;;;;;;;;;;;;;![36883145_428829034298737_7800747051578294272_n](https://user-images.githubusercontent.com/43483189/79356670-8c325f00-7f3f-11ea-8ae8-a56beeb42cb1.jpg);![42973869_2151930001722222_462025759307598045_n](https://user-images.githubusercontent.com/43483189/79356704-90f71300-7f3f-11ea-9e72-2d8a66b40a70.jpg);![50820556_1938116516286180_1828935988708220765_n](https://user-images.githubusercontent.com/43483189/79356756-994f4e00-7f3f-11ea-9a45-7bdb67112cfa.jpg)
;;;;;;;;;;;;;![36932274_231668747472343_3931690702882209792_n](https://user-images.githubusercontent.com/43483189/79356671-8c325f00-7f3f-11ea-8a36-7679cd7f715e.jpg);![43148565_1870267969747941_1474588867036070764_n](https://user-images.githubusercontent.com/43483189/79356706-90f71300-7f3f-11ea-90fa-88720ac8ff84.jpg);![50874096_987064411498608_401114600774262529_n](https://user-images.githubusercontent.com/43483189/79356757-99e7e480-7f3f-11ea-9cc9-65d229b11301.jpg)
;;;;;;;;;;;;;![37340802_470774266718860_4258734853106696192_n](https://user-images.githubusercontent.com/43483189/79356672-8ccaf580-7f3f-11ea-9206-bad76460a046.jpg);![43371277_2136942953187318_5075024761691328767_n](https://user-images.githubusercontent.com/43483189/79356709-918fa980-7f3f-11ea-8dd9-8780d4d3d3fc.jpg);![51144484_832046167136102_1420753794495986325_n](https://user-images.githubusercontent.com/43483189/79356760-99e7e480-7f3f-11ea-98d3-17c60b632d50.jpg)
;;;;;;;;;;;;;![37574230_2273983166163046_5448208925994254336_n](https://user-images.githubusercontent.com/43483189/79356673-8ccaf580-7f3f-11ea-9260-c07cc0f08db5.jpg);![43650740_2078394852471795_5905164839113733107_n](https://user-images.githubusercontent.com/43483189/79356710-918fa980-7f3f-11ea-9239-e668ee194a89.jpg);![51314469_367814300441458_7313810116472577779_n](https://user-images.githubusercontent.com/43483189/79356761-9a807b00-7f3f-11ea-98de-22fdb628821c.jpg)
;;;;;;;;;;;;;![38477210_1581327112173993_4082617344017301504_n](https://user-images.githubusercontent.com/43483189/79356674-8ccaf580-7f3f-11ea-905f-6aa32011372d.jpg);![43779372_1932049300242472_3635057430595855520_n](https://user-images.githubusercontent.com/43483189/79356711-92284000-7f3f-11ea-8821-759065e833ec.jpg);![51371703_2076931425716757_187541381921361082_n](https://user-images.githubusercontent.com/43483189/79356763-9a807b00-7f3f-11ea-8db8-f9daf8528dd4.jpg)
;;;;;;;;;;;;;![38744466_256540561636723_2501358209814495232_n](https://user-images.githubusercontent.com/43483189/79356675-8d638c00-7f3f-11ea-968b-62857e8fbc4c.jpg);![44470676_550315882095425_2404624796159216916_n](https://user-images.githubusercontent.com/43483189/79356712-92284000-7f3f-11ea-83f5-f03cdb7d48ec.jpg);![51525105_811963875812042_4173349229617092855_n](https://user-images.githubusercontent.com/43483189/79356766-9b191180-7f3f-11ea-9a8b-4da858a7b1b1.jpg)
;;;;;;;;;;;;;![38801509_522575188193825_7586617814903947264_n](https://user-images.githubusercontent.com/43483189/79356676-8d638c00-7f3f-11ea-9d84-c4d0bb539c9a.jpg);![44589494_794966094228818_9044753356536690763_n](https://user-images.githubusercontent.com/43483189/79356713-92c0d680-7f3f-11ea-8001-25a3f25744d7.jpg);![51567907_2310768859164484_2110000281599659448_n](https://user-images.githubusercontent.com/43483189/79356768-9b191180-7f3f-11ea-9544-b47b1488d73d.jpg)
;;;;;;;;;;;;;![39162554_2081342161899414_3717762397662871552_n](https://user-images.githubusercontent.com/43483189/79356679-8dfc2280-7f3f-11ea-90ec-ca68eede4bdf.jpg);![45681755_1270498253103626_8591073502522666841_n](https://user-images.githubusercontent.com/43483189/79356714-92c0d680-7f3f-11ea-8fc2-580225fe00dc.jpg);![51880692_2506077606088031_6317634418276360918_n](https://user-images.githubusercontent.com/43483189/79356770-9bb1a800-7f3f-11ea-9760-c8d673c56647.jpg)
;;;;;;;;;;;;;![39309311_239623980081537_810838917237440512_n](https://user-images.githubusercontent.com/43483189/79356680-8dfc2280-7f3f-11ea-88f1-3bc535eaa227.jpg);![45754614_213985612726764_110647971811824471_n](https://user-images.githubusercontent.com/43483189/79356716-92c0d680-7f3f-11ea-8aab-5b580dc7bceb.jpg);![51949035_255598765375236_6909303501231179157_n](https://user-images.githubusercontent.com/43483189/79356773-9bb1a800-7f3f-11ea-9adc-db4408346359.jpg)
;;;;;;;;;;;;;![39724118_183574355774878_8040136631597924352_n](https://user-images.githubusercontent.com/43483189/79356681-8dfc2280-7f3f-11ea-9a8f-a0b793fb162c.jpg);![45765149_270619783599248_7852001019118882052_n](https://user-images.githubusercontent.com/43483189/79356719-93596d00-7f3f-11ea-98ea-1b499626ac57.jpg);![52578708_347850669158560_8586804953235506326_n](https://user-images.githubusercontent.com/43483189/79356776-9c4a3e80-7f3f-11ea-99fe-640bfc023e41.jpg)
;;;;;;;;;;;;;![39910190_675626559484183_8812733243532493652_n](https://user-images.githubusercontent.com/43483189/79356683-8e94b900-7f3f-11ea-996e-d9e04283e5e0.jpg);![46014673_270952736938507_3153119708010595384_n](https://user-images.githubusercontent.com/43483189/79356720-93596d00-7f3f-11ea-893e-b49b3dfe247d.jpg);![53117358_746391615756953_3306918579275474793_n](https://user-images.githubusercontent.com/43483189/79356777-9c4a3e80-7f3f-11ea-89fb-d9109120ba92.jpg)
;;;;;;;;;;;;;![40064389_164254657779255_50132535817789265_n](https://user-images.githubusercontent.com/43483189/79356687-8e94b900-7f3f-11ea-9928-181084a1ad58.jpg);![46061177_373586376745469_4026113683502478602_n](https://user-images.githubusercontent.com/43483189/79356721-93f20380-7f3f-11ea-8008-3730e7ff1469.jpg);![53359719_1294586994026693_286725999090275039_n](https://user-images.githubusercontent.com/43483189/79356779-9c4a3e80-7f3f-11ea-8a30-e53a25bf701f.jpg)
;;;;;;;;;;;;;![41163381_266056620692182_3976943746359845625_n](https://user-images.githubusercontent.com/43483189/79356689-8e94b900-7f3f-11ea-9a2f-62b760b8c62e.jpg);![46126397_330408660884051_2260071296727906798_n](https://user-images.githubusercontent.com/43483189/79356722-93f20380-7f3f-11ea-96cd-b94c952bf9a4.jpg);![54511480_2078920002221221_268550752385973364_n](https://user-images.githubusercontent.com/43483189/79356781-9ce2d500-7f3f-11ea-91b2-86f955bb884e.jpg)
;;;;;;;;;;;;;![41726431_2168160103444347_2569344699770281242_n](https://user-images.githubusercontent.com/43483189/79356691-8f2d4f80-7f3f-11ea-8c5d-5d53a3bac9f1.jpg);;![54731550_268208440793585_7286456961679112109_n](https://user-images.githubusercontent.com/43483189/79356782-9ce2d500-7f3f-11ea-94e0-ed614d79d6ff.jpg)
;;;;;;;;;;;;;![41845276_249319432444491_1664430527333707278_n](https://user-images.githubusercontent.com/43483189/79356694-8f2d4f80-7f3f-11ea-9292-244417c28cd5.jpg);;![55827201_449424555598725_9129978268926281496_n](https://user-images.githubusercontent.com/43483189/79356784-9ce2d500-7f3f-11ea-8e2f-6ba836bde8e2.jpg)
;;;;;;;;;;;;;![42002674_1462061483938262_6815041532079587845_n](https://user-images.githubusercontent.com/43483189/79356695-8fc5e600-7f3f-11ea-9c54-381173f504e4.jpg);;![55847236_178006526412469_4208238496920621616_n](https://user-images.githubusercontent.com/43483189/79356786-9d7b6b80-7f3f-11ea-9bd3-8124dd855e96.jpg)
;;;;;;;;;;;;;![42701233_242879529920270_6813820201073641298_n](https://user-images.githubusercontent.com/43483189/79356696-8fc5e600-7f3f-11ea-88e5-40ea26c4725e.jpg);;![57306188_606424663158804_296470780078655290_n](https://user-images.githubusercontent.com/43483189/79356788-9d7b6b80-7f3f-11ea-92e2-bebfa147166a.jpg)
;;;;;;;;;;;;;![42792426_272656146702021_8144778285825846890_n](https://user-images.githubusercontent.com/43483189/79356700-905e7c80-7f3f-11ea-920e-9be8a011057a.jpg);;![57511920_807307426318804_4436276063193652418_n](https://user-images.githubusercontent.com/43483189/79356790-9e140200-7f3f-11ea-80fa-e38e14eea711.jpg)
;;;;;;;;;;;;;![42910777_1304881082987238_370801710108971862_n](https://user-images.githubusercontent.com/43483189/79356701-905e7c80-7f3f-11ea-9a20-9b6a6c503734.jpg);;![58631098_134577401029197_3565317457130460223_n](https://user-images.githubusercontent.com/43483189/79356792-9e140200-7f3f-11ea-879c-0426ea499433.jpg)
;;;;;;;;;;;;;![42934514_2277976005771872_3677623734911274589_n](https://user-images.githubusercontent.com/43483189/79356702-90f71300-7f3f-11ea-95aa-f265e654835a.jpg);;![58684981_660687311050337_4122349332420200499_n](https://user-images.githubusercontent.com/43483189/79356796-9eac9880-7f3f-11ea-8063-925f8ebcc9e8.jpg)
;;;;;;;;;;;;;![42973869_2151930001722222_462025759307598045_n](https://user-images.githubusercontent.com/43483189/79356704-90f71300-7f3f-11ea-9e72-2d8a66b40a70.jpg);;![58685000_620768255053731_356323355748901728_n](https://user-images.githubusercontent.com/43483189/79356797-9eac9880-7f3f-11ea-9ba3-ebb1f3136081.jpg)
;;;;;;;;;;;;;![43148565_1870267969747941_1474588867036070764_n](https://user-images.githubusercontent.com/43483189/79356706-90f71300-7f3f-11ea-90fa-88720ac8ff84.jpg);;![59265584_416282749206852_4602998848628185819_n](https://user-images.githubusercontent.com/43483189/79356799-9f452f00-7f3f-11ea-84dd-a7cdcdf663d9.jpg)
;;;;;;;;;;;;;![43371277_2136942953187318_5075024761691328767_n](https://user-images.githubusercontent.com/43483189/79356709-918fa980-7f3f-11ea-8dd9-8780d4d3d3fc.jpg);;![59562722_416303912494040_8962173203182595355_n](https://user-images.githubusercontent.com/43483189/79356801-9f452f00-7f3f-11ea-9d13-40b7f2f10c0c.jpg)
;;;;;;;;;;;;;![43650740_2078394852471795_5905164839113733107_n](https://user-images.githubusercontent.com/43483189/79356710-918fa980-7f3f-11ea-9239-e668ee194a89.jpg);;![59953083_392194378172360_502629786523038706_n](https://user-images.githubusercontent.com/43483189/79356803-9f452f00-7f3f-11ea-9045-0ab4b21bdf70.jpg)
;;;;;;;;;;;;;![43779372_1932049300242472_3635057430595855520_n](https://user-images.githubusercontent.com/43483189/79356711-92284000-7f3f-11ea-8821-759065e833ec.jpg);;![60119321_359762277984028_7204245085821697601_n](https://user-images.githubusercontent.com/43483189/79356806-9fddc580-7f3f-11ea-8a60-c8cd681abc23.jpg)
;;;;;;;;;;;;;![44470676_550315882095425_2404624796159216916_n](https://user-images.githubusercontent.com/43483189/79356712-92284000-7f3f-11ea-83f5-f03cdb7d48ec.jpg);;![60603545_116491692929126_4544417992153814261_n](https://user-images.githubusercontent.com/43483189/79356807-9fddc580-7f3f-11ea-87b8-ef5bce46ff36.jpg)
;;;;;;;;;;;;;![44589494_794966094228818_9044753356536690763_n](https://user-images.githubusercontent.com/43483189/79356713-92c0d680-7f3f-11ea-8001-25a3f25744d7.jpg);;![61041733_146128166558907_4001967861168430084_n](https://user-images.githubusercontent.com/43483189/79356808-a0765c00-7f3f-11ea-9a03-f847b8f4178b.jpg)
;;;;;;;;;;;;;![45681755_1270498253103626_8591073502522666841_n](https://user-images.githubusercontent.com/43483189/79356714-92c0d680-7f3f-11ea-8fc2-580225fe00dc.jpg);;![61253521_478345679566574_779669845515382083_n](https://user-images.githubusercontent.com/43483189/79356811-a0765c00-7f3f-11ea-8ac8-d0796c63cada.jpg)
;;;;;;;;;;;;;![45754614_213985612726764_110647971811824471_n](https://user-images.githubusercontent.com/43483189/79356716-92c0d680-7f3f-11ea-8aab-5b580dc7bceb.jpg);;![61355759_1901825809917733_7051821253718860720_n](https://user-images.githubusercontent.com/43483189/79356812-a10ef280-7f3f-11ea-9ff8-d238198fc553.jpg)
;;;;;;;;;;;;;![45765149_270619783599248_7852001019118882052_n](https://user-images.githubusercontent.com/43483189/79356719-93596d00-7f3f-11ea-98ea-1b499626ac57.jpg);;![61803520_500728324003148_3887501986911919107_n](https://user-images.githubusercontent.com/43483189/79356814-a10ef280-7f3f-11ea-8d64-dce5d9ff8711.jpg)
;;;;;;;;;;;;;![46014673_270952736938507_3153119708010595384_n](https://user-images.githubusercontent.com/43483189/79356720-93596d00-7f3f-11ea-893e-b49b3dfe247d.jpg);;![62267794_374797533237712_8739417254810340116_n](https://user-images.githubusercontent.com/43483189/79356816-a1a78900-7f3f-11ea-8d42-a28072b8ec66.jpg)
;;;;;;;;;;;;;![46061177_373586376745469_4026113683502478602_n](https://user-images.githubusercontent.com/43483189/79356721-93f20380-7f3f-11ea-8008-3730e7ff1469.jpg);;![62610068_2523806297846817_4287458575389988350_n](https://user-images.githubusercontent.com/43483189/79356819-a1a78900-7f3f-11ea-8d7b-b2f12dc3bb23.jpg)
;;;;;;;;;;;;;![46126397_330408660884051_2260071296727906798_n](https://user-images.githubusercontent.com/43483189/79356722-93f20380-7f3f-11ea-96cd-b94c952bf9a4.jpg);;![64268522_706939716404585_678919116910609762_n](https://user-images.githubusercontent.com/43483189/79356821-a2401f80-7f3f-11ea-8ed2-5a8b57e00375.jpg)
;;;;;;;;;;;;;![46148016_780095948992186_292679605235429060_n](https://user-images.githubusercontent.com/43483189/79356723-948a9a00-7f3f-11ea-8e70-f628e74098d6.jpg);;![64283186_2382854598659558_747847235310544769_n](https://user-images.githubusercontent.com/43483189/79356824-a2d8b600-7f3f-11ea-9722-1c8f2ddbf21e.jpg)
;;;;;;;;;;;;;![46313029_538892329916353_8595188419797165796_n](https://user-images.githubusercontent.com/43483189/79356725-948a9a00-7f3f-11ea-91f1-6a47f4a9b0ca.jpg);;![64314086_2558638884167694_305630437085523667_n](https://user-images.githubusercontent.com/43483189/79356825-a2d8b600-7f3f-11ea-8472-f04df144a114.jpg)
;;;;;;;;;;;;;![46777220_2042598196030693_8623584524869953627_n](https://user-images.githubusercontent.com/43483189/79356726-95233080-7f3f-11ea-8ddd-850ad370951e.jpg);;![64346676_485061918965406_8231212096262829031_n](https://user-images.githubusercontent.com/43483189/79356827-a3714c80-7f3f-11ea-865b-040366a4837e.jpg)
;;;;;;;;;;;;;![46850151_129569458050770_2367725164599665577_n](https://user-images.githubusercontent.com/43483189/79356727-95233080-7f3f-11ea-94b0-cc6bf72e5767.jpg);;![64497907_667322167048564_4306087904387443978_n](https://user-images.githubusercontent.com/43483189/79356828-a3714c80-7f3f-11ea-8d84-becbbf0e9d97.jpg)
;;;;;;;;;;;;;![47353525_395885347849683_6607857736199268471_n](https://user-images.githubusercontent.com/43483189/79356729-95bbc700-7f3f-11ea-8e5d-118adfcb3429.jpg);;![64532775_2318381955097524_3545787594333227612_n](https://user-images.githubusercontent.com/43483189/79356830-a409e300-7f3f-11ea-9f63-291974a99f49.jpg)
;;;;;;;;;;;;;![47491730_528847384285999_6403335698970881279_n](https://user-images.githubusercontent.com/43483189/79356731-96545d80-7f3f-11ea-98df-c71168b77887.jpg);;![64754267_2135300673234002_4908376783216222047_n](https://user-images.githubusercontent.com/43483189/79356831-a409e300-7f3f-11ea-90c4-2404f9c31c3c.jpg)
;;;;;;;;;;;;;![47586255_321166871939721_4545266991681584974_n](https://user-images.githubusercontent.com/43483189/79356733-96545d80-7f3f-11ea-9fd2-7efd798e0bfd.jpg);;![64915470_2407195435968176_4711201101187269043_n](https://user-images.githubusercontent.com/43483189/79356833-a409e300-7f3f-11ea-94df-a4b846b49154.jpg)
;;;;;;;;;;;;;![47690921_264769997535605_1950818458565268615_n](https://user-images.githubusercontent.com/43483189/79356734-96ecf400-7f3f-11ea-898a-100cb5f985e5.jpg);;![64938702_689689821477412_3564469960194591710_n](https://user-images.githubusercontent.com/43483189/79356835-a4a27980-7f3f-11ea-941d-75dab27359a5.jpg)
;;;;;;;;;;;;;![47692044_583186348815903_2348961130232665139_n](https://user-images.githubusercontent.com/43483189/79356736-96ecf400-7f3f-11ea-9ba0-613cdcd86df3.jpg);;![65034834_207217003578027_572725320293928549_n](https://user-images.githubusercontent.com/43483189/79356836-a4a27980-7f3f-11ea-8a5c-dd4352bc9ce6.jpg)
;;;;;;;;;;;;;![47694750_2064706077153006_3925281154094811029_n](https://user-images.githubusercontent.com/43483189/79356739-97858a80-7f3f-11ea-91f5-374d828f2557.jpg);;![65429983_135430990991192_2979760788425558653_n](https://user-images.githubusercontent.com/43483189/79356838-a53b1000-7f3f-11ea-80df-c0ad56e56b20.jpg)
;;;;;;;;;;;;;![49281041_2439532372754986_6215343881982853468_n](https://user-images.githubusercontent.com/43483189/79356743-97858a80-7f3f-11ea-88b5-9eda562134f2.jpg);;![66088508_716661238748071_5558717381787723041_n](https://user-images.githubusercontent.com/43483189/79356839-a53b1000-7f3f-11ea-914c-916d6335e9bb.jpg)
;;;;;;;;;;;;;![49475046_602237960205990_1755857248562571887_n](https://user-images.githubusercontent.com/43483189/79356745-981e2100-7f3f-11ea-9734-06e575cfec9d.jpg);;![66358718_170222054007149_2842931648935802102_n](https://user-images.githubusercontent.com/43483189/79356840-a5d3a680-7f3f-11ea-9713-52c4ed7b0c33.jpg)
;;;;;;;;;;;;;![49608794_304706130183329_7095549386579670701_n](https://user-images.githubusercontent.com/43483189/79356747-981e2100-7f3f-11ea-967b-bcbdbb49be89.jpg);;![66403127_400172474180996_4194922797630047003_n](https://user-images.githubusercontent.com/43483189/79356842-a5d3a680-7f3f-11ea-9a1d-0f7a905e9883.jpg)
;;;;;;;;;;;;;![49693463_292659318102083_3424650524948600613_n](https://user-images.githubusercontent.com/43483189/79356748-98b6b780-7f3f-11ea-871f-9a59c4c8dd26.jpg);;![66416301_182179226126358_8842771079943772645_n](https://user-images.githubusercontent.com/43483189/79356843-a66c3d00-7f3f-11ea-9bd9-cc9fa3ff3032.jpg)
;;;;;;;;;;;;;![50638506_2179109528817741_8383908112258719972_n](https://user-images.githubusercontent.com/43483189/79356750-98b6b780-7f3f-11ea-9e40-10371117e213.jpg);;![66436304_469423156947765_1278090144833000732_n](https://user-images.githubusercontent.com/43483189/79356845-a66c3d00-7f3f-11ea-889f-c45a2959bee1.jpg)
;;;;;;;;;;;;;![50658597_233531347532872_396829839609727165_n](https://user-images.githubusercontent.com/43483189/79356752-98b6b780-7f3f-11ea-800e-563a1aa03e86.jpg);;![66448821_614014632419443_2461336372900604792_n](https://user-images.githubusercontent.com/43483189/79356847-a66c3d00-7f3f-11ea-8abb-b9e82918a8e8.jpg)
;;;;;;;;;;;;;![50740928_381473205763813_6527315432026956128_n](https://user-images.githubusercontent.com/43483189/79356753-994f4e00-7f3f-11ea-9be5-50736df0fbd8.jpg);;![66482390_144242680104808_367740377509526837_n](https://user-images.githubusercontent.com/43483189/79356849-a704d380-7f3f-11ea-9f1a-ad2f824212c3.jpg)
;;;;;;;;;;;;;![50820556_1938116516286180_1828935988708220765_n](https://user-images.githubusercontent.com/43483189/79356756-994f4e00-7f3f-11ea-9a45-7bdb67112cfa.jpg);;![66691956_178545263152953_7667588247547892165_n](https://user-images.githubusercontent.com/43483189/79356850-a704d380-7f3f-11ea-8c73-72e50faa7c7d.jpg)
;;;;;;;;;;;;;![50874096_987064411498608_401114600774262529_n](https://user-images.githubusercontent.com/43483189/79356757-99e7e480-7f3f-11ea-9cc9-65d229b11301.jpg);;![66770469_707564086367804_362567685205691975_n](https://user-images.githubusercontent.com/43483189/79356852-a79d6a00-7f3f-11ea-8641-5756f54b319d.jpg)
;;;;;;;;;;;;;![51144484_832046167136102_1420753794495986325_n](https://user-images.githubusercontent.com/43483189/79356760-99e7e480-7f3f-11ea-98d3-17c60b632d50.jpg);;![66782781_737190730032235_8744398801913019796_n](https://user-images.githubusercontent.com/43483189/79356853-a79d6a00-7f3f-11ea-9c72-884272177452.jpg)
;;;;;;;;;;;;;![51314469_367814300441458_7313810116472577779_n](https://user-images.githubusercontent.com/43483189/79356761-9a807b00-7f3f-11ea-98de-22fdb628821c.jpg);;![66806918_116735799373630_7979922084734140470_n](https://user-images.githubusercontent.com/43483189/79356855-a8360080-7f3f-11ea-9759-f0cf2f5390a1.jpg)
;;;;;;;;;;;;;![51371703_2076931425716757_187541381921361082_n](https://user-images.githubusercontent.com/43483189/79356763-9a807b00-7f3f-11ea-8db8-f9daf8528dd4.jpg);;![66809265_546196799458839_3713031677456202915_n](https://user-images.githubusercontent.com/43483189/79356857-a8360080-7f3f-11ea-9018-ddb61f53cf3c.jpg)
;;;;;;;;;;;;;![51525105_811963875812042_4173349229617092855_n](https://user-images.githubusercontent.com/43483189/79356766-9b191180-7f3f-11ea-9a8b-4da858a7b1b1.jpg);;![67094119_2047642678864114_7684522719945557985_n](https://user-images.githubusercontent.com/43483189/79356859-a8ce9700-7f3f-11ea-8e43-c0f6d6f73b2a.jpg)
;;;;;;;;;;;;;![51567907_2310768859164484_2110000281599659448_n](https://user-images.githubusercontent.com/43483189/79356768-9b191180-7f3f-11ea-9544-b47b1488d73d.jpg);;![67229242_2311343465621427_9179795719805470545_n](https://user-images.githubusercontent.com/43483189/79356861-a8ce9700-7f3f-11ea-94d9-2ae80634d6d2.jpg)
;;;;;;;;;;;;;![51880692_2506077606088031_6317634418276360918_n](https://user-images.githubusercontent.com/43483189/79356770-9bb1a800-7f3f-11ea-9760-c8d673c56647.jpg);;![67402673_516262019148116_3388980602200165345_n](https://user-images.githubusercontent.com/43483189/79356863-a8ce9700-7f3f-11ea-8d73-1d09cebe47c2.jpg)
;;;;;;;;;;;;;![51949035_255598765375236_6909303501231179157_n](https://user-images.githubusercontent.com/43483189/79356773-9bb1a800-7f3f-11ea-9adc-db4408346359.jpg);;![67434473_186048002406167_5799628411868497805_n](https://user-images.githubusercontent.com/43483189/79356865-a9672d80-7f3f-11ea-8fa7-42180fb23f46.jpg)
;;;;;;;;;;;;;![52578708_347850669158560_8586804953235506326_n](https://user-images.githubusercontent.com/43483189/79356776-9c4a3e80-7f3f-11ea-99fe-640bfc023e41.jpg);;![67502702_388979495149714_9169648090004505215_n](https://user-images.githubusercontent.com/43483189/79356867-a9672d80-7f3f-11ea-9830-4d170eaf2a02.jpg)
;;;;;;;;;;;;;![53117358_746391615756953_3306918579275474793_n](https://user-images.githubusercontent.com/43483189/79356777-9c4a3e80-7f3f-11ea-89fb-d9109120ba92.jpg);;![67753725_140104803906686_5000039762877383534_n](https://user-images.githubusercontent.com/43483189/79356868-a9ffc400-7f3f-11ea-84f7-3e6dc9e5cf0d.jpg)
;;;;;;;;;;;;;![53359719_1294586994026693_286725999090275039_n](https://user-images.githubusercontent.com/43483189/79356779-9c4a3e80-7f3f-11ea-8a30-e53a25bf701f.jpg);;![67791626_704791149931677_2280341399480317044_n](https://user-images.githubusercontent.com/43483189/79356870-a9ffc400-7f3f-11ea-97d9-ebbb2f315661.jpg)
;;;;;;;;;;;;;![54511480_2078920002221221_268550752385973364_n](https://user-images.githubusercontent.com/43483189/79356781-9ce2d500-7f3f-11ea-91b2-86f955bb884e.jpg);;![67810421_523748985067194_3064148156219646754_n](https://user-images.githubusercontent.com/43483189/79356874-aa985a80-7f3f-11ea-8aa7-dda25e455487.jpg)
;;;;;;;;;;;;;![54731550_268208440793585_7286456961679112109_n](https://user-images.githubusercontent.com/43483189/79356782-9ce2d500-7f3f-11ea-94e0-ed614d79d6ff.jpg);;![67840693_479076165989792_7722518602119242791_n](https://user-images.githubusercontent.com/43483189/79356876-ab30f100-7f3f-11ea-8ada-ae406152f9f8.jpg)
;;;;;;;;;;;;;![55827201_449424555598725_9129978268926281496_n](https://user-images.githubusercontent.com/43483189/79356784-9ce2d500-7f3f-11ea-8e2f-6ba836bde8e2.jpg);;![67932592_151675979268515_3760903430348108572_n](https://user-images.githubusercontent.com/43483189/79356878-ab30f100-7f3f-11ea-9d42-17527045e4b0.jpg)
;;;;;;;;;;;;;![55847236_178006526412469_4208238496920621616_n](https://user-images.githubusercontent.com/43483189/79356786-9d7b6b80-7f3f-11ea-9bd3-8124dd855e96.jpg);;![68768771_220967638874068_5237404532303492347_n](https://user-images.githubusercontent.com/43483189/79356880-abc98780-7f3f-11ea-893f-450bc4044f65.jpg)
;;;;;;;;;;;;;![57306188_606424663158804_296470780078655290_n](https://user-images.githubusercontent.com/43483189/79356788-9d7b6b80-7f3f-11ea-92e2-bebfa147166a.jpg);;![68981820_1185699938300519_8547337117688525973_n](https://user-images.githubusercontent.com/43483189/79356881-abc98780-7f3f-11ea-9849-aa633e68afba.jpg)
;;;;;;;;;;;;;![57511920_807307426318804_4436276063193652418_n](https://user-images.githubusercontent.com/43483189/79356790-9e140200-7f3f-11ea-80fa-e38e14eea711.jpg);;![69055414_119908439354910_6155583023507237446_n](https://user-images.githubusercontent.com/43483189/79356882-abc98780-7f3f-11ea-94bd-7a11ebbf07b1.jpg)
;;;;;;;;;;;;;![58631098_134577401029197_3565317457130460223_n](https://user-images.githubusercontent.com/43483189/79356792-9e140200-7f3f-11ea-879c-0426ea499433.jpg);;![69187676_515782399185135_593750664695881470_n](https://user-images.githubusercontent.com/43483189/79356883-ac621e00-7f3f-11ea-867d-6892d6e4cb25.jpg)
;;;;;;;;;;;;;![58684981_660687311050337_4122349332420200499_n](https://user-images.githubusercontent.com/43483189/79356796-9eac9880-7f3f-11ea-8063-925f8ebcc9e8.jpg);;![69230295_224008825246664_7183838856316884576_n](https://user-images.githubusercontent.com/43483189/79356884-ac621e00-7f3f-11ea-8c40-65830065ce83.jpg)
;;;;;;;;;;;;;![58685000_620768255053731_356323355748901728_n](https://user-images.githubusercontent.com/43483189/79356797-9eac9880-7f3f-11ea-9ba3-ebb1f3136081.jpg);;![69259799_394552701456408_7433645088984112395_n](https://user-images.githubusercontent.com/43483189/79356885-acfab480-7f3f-11ea-8080-b9d8aa320090.jpg)
;;;;;;;;;;;;;![59265584_416282749206852_4602998848628185819_n](https://user-images.githubusercontent.com/43483189/79356799-9f452f00-7f3f-11ea-84dd-a7cdcdf663d9.jpg);;![69404837_190038642010199_7412742000701686455_n](https://user-images.githubusercontent.com/43483189/79356887-ad934b00-7f3f-11ea-9246-efa7ecf834bf.jpg)
;;;;;;;;;;;;;![59562722_416303912494040_8962173203182595355_n](https://user-images.githubusercontent.com/43483189/79356801-9f452f00-7f3f-11ea-9d13-40b7f2f10c0c.jpg);;![69586840_524122391720965_1351735044576928174_n](https://user-images.githubusercontent.com/43483189/79356888-ad934b00-7f3f-11ea-8a0a-b454ebe049ec.jpg)
;;;;;;;;;;;;;![59953083_392194378172360_502629786523038706_n](https://user-images.githubusercontent.com/43483189/79356803-9f452f00-7f3f-11ea-9045-0ab4b21bdf70.jpg);;![69821834_154143472359204_2243246980243601927_n](https://user-images.githubusercontent.com/43483189/79356891-ae2be180-7f3f-11ea-87d9-6004ecbdf276.jpg)
;;;;;;;;;;;;;![60119321_359762277984028_7204245085821697601_n](https://user-images.githubusercontent.com/43483189/79356806-9fddc580-7f3f-11ea-8a60-c8cd681abc23.jpg);;![69990964_457093988225277_3114966304966931366_n](https://user-images.githubusercontent.com/43483189/79356892-aec47800-7f3f-11ea-8733-7ed95d1e5f59.jpg)
;;;;;;;;;;;;;![60603545_116491692929126_4544417992153814261_n](https://user-images.githubusercontent.com/43483189/79356807-9fddc580-7f3f-11ea-87b8-ef5bce46ff36.jpg);;![70287980_685037448685997_5084547872316586242_n](https://user-images.githubusercontent.com/43483189/79356893-aec47800-7f3f-11ea-9177-4ab863743257.jpg)
;;;;;;;;;;;;;![61041733_146128166558907_4001967861168430084_n](https://user-images.githubusercontent.com/43483189/79356808-a0765c00-7f3f-11ea-9a03-f847b8f4178b.jpg);;![70447388_2563642987205326_1123336924964761254_n](https://user-images.githubusercontent.com/43483189/79356896-af5d0e80-7f3f-11ea-941e-233f46944f30.jpg)
;;;;;;;;;;;;;![61253521_478345679566574_779669845515382083_n](https://user-images.githubusercontent.com/43483189/79356811-a0765c00-7f3f-11ea-8ac8-d0796c63cada.jpg);;![70497623_780906069048581_1174835339022337519_n](https://user-images.githubusercontent.com/43483189/79356898-aff5a500-7f3f-11ea-84b6-1fc6ae21949f.jpg)
;;;;;;;;;;;;;![61355759_1901825809917733_7051821253718860720_n](https://user-images.githubusercontent.com/43483189/79356812-a10ef280-7f3f-11ea-9ff8-d238198fc553.jpg);;![70517459_125272248849015_7206703854103878022_n](https://user-images.githubusercontent.com/43483189/79356900-aff5a500-7f3f-11ea-8aa4-7218d729eb53.jpg)
;;;;;;;;;;;;;![61803520_500728324003148_3887501986911919107_n](https://user-images.githubusercontent.com/43483189/79356814-a10ef280-7f3f-11ea-8d64-dce5d9ff8711.jpg);;![70579312_713042859121801_5587454156612145163_n](https://user-images.githubusercontent.com/43483189/79356903-b08e3b80-7f3f-11ea-80f7-988286986423.jpg)
;;;;;;;;;;;;;![62267794_374797533237712_8739417254810340116_n](https://user-images.githubusercontent.com/43483189/79356816-a1a78900-7f3f-11ea-8d42-a28072b8ec66.jpg);;![70951969_385796855434372_1908716657961994578_n](https://user-images.githubusercontent.com/43483189/79356905-b08e3b80-7f3f-11ea-9553-2496b5c9800e.jpg)
;;;;;;;;;;;;;![62610068_2523806297846817_4287458575389988350_n](https://user-images.githubusercontent.com/43483189/79356819-a1a78900-7f3f-11ea-8d7b-b2f12dc3bb23.jpg);;![71182040_1178591905666387_8844561579649275113_n](https://user-images.githubusercontent.com/43483189/79356908-b08e3b80-7f3f-11ea-9113-82c5a9d1085c.jpg)
;;;;;;;;;;;;;![64268522_706939716404585_678919116910609762_n](https://user-images.githubusercontent.com/43483189/79356821-a2401f80-7f3f-11ea-8ed2-5a8b57e00375.jpg);;![71755338_130871801644725_6418582139356277041_n](https://user-images.githubusercontent.com/43483189/79356911-b126d200-7f3f-11ea-8904-3e9eeacf64b2.jpg)
;;;;;;;;;;;;;![64283186_2382854598659558_747847235310544769_n](https://user-images.githubusercontent.com/43483189/79356824-a2d8b600-7f3f-11ea-9722-1c8f2ddbf21e.jpg);;![71848720_799625837159219_7330901808661900193_n](https://user-images.githubusercontent.com/43483189/79356912-b126d200-7f3f-11ea-8352-54132f0901d5.jpg)
;;;;;;;;;;;;;![64314086_2558638884167694_305630437085523667_n](https://user-images.githubusercontent.com/43483189/79356825-a2d8b600-7f3f-11ea-8472-f04df144a114.jpg);;![72152798_1614518368690456_5809637547898436442_n](https://user-images.githubusercontent.com/43483189/79356914-b1bf6880-7f3f-11ea-9b30-6a233522b81a.jpg)
;;;;;;;;;;;;;![64346676_485061918965406_8231212096262829031_n](https://user-images.githubusercontent.com/43483189/79356827-a3714c80-7f3f-11ea-865b-040366a4837e.jpg);;![72165221_542761696269659_855119143437132554_n](https://user-images.githubusercontent.com/43483189/79356915-b1bf6880-7f3f-11ea-8290-7bac5927f6ac.jpg)
;;;;;;;;;;;;;![64497907_667322167048564_4306087904387443978_n](https://user-images.githubusercontent.com/43483189/79356828-a3714c80-7f3f-11ea-8d84-becbbf0e9d97.jpg);;![72279906_747144085727495_7228879940822196256_n](https://user-images.githubusercontent.com/43483189/79356918-b257ff00-7f3f-11ea-8de1-6cb47808be99.jpg)
;;;;;;;;;;;;;![64532775_2318381955097524_3545787594333227612_n](https://user-images.githubusercontent.com/43483189/79356830-a409e300-7f3f-11ea-9f63-291974a99f49.jpg);;![72308594_2654060694652270_7043813379306269690_n](https://user-images.githubusercontent.com/43483189/79356920-b257ff00-7f3f-11ea-94fa-285170e49d9d.jpg)
;;;;;;;;;;;;;![64754267_2135300673234002_4908376783216222047_n](https://user-images.githubusercontent.com/43483189/79356831-a409e300-7f3f-11ea-90c4-2404f9c31c3c.jpg);;![72414220_228362674814852_6421648801099890767_n](https://user-images.githubusercontent.com/43483189/79356922-b2f09580-7f3f-11ea-9d7a-663c72b3b385.jpg)
;;;;;;;;;;;;;![64915470_2407195435968176_4711201101187269043_n](https://user-images.githubusercontent.com/43483189/79356833-a409e300-7f3f-11ea-94df-a4b846b49154.jpg);;![72755426_499902730612364_9122350059403845042_n](https://user-images.githubusercontent.com/43483189/79356925-b3892c00-7f3f-11ea-9ca3-d10411442789.jpg)
;;;;;;;;;;;;;![64938702_689689821477412_3564469960194591710_n](https://user-images.githubusercontent.com/43483189/79356835-a4a27980-7f3f-11ea-941d-75dab27359a5.jpg);;![73381099_562213117880184_7586804646166098245_n](https://user-images.githubusercontent.com/43483189/79356929-b3892c00-7f3f-11ea-821b-2f8b0dd57629.jpg)
;;;;;;;;;;;;;![65034834_207217003578027_572725320293928549_n](https://user-images.githubusercontent.com/43483189/79356836-a4a27980-7f3f-11ea-8a5c-dd4352bc9ce6.jpg);;![74603484_1657451131061376_424515228613974400_n](https://user-images.githubusercontent.com/43483189/79356930-b3892c00-7f3f-11ea-9658-dbe0d55dfbf9.jpg)
;;;;;;;;;;;;;![65429983_135430990991192_2979760788425558653_n](https://user-images.githubusercontent.com/43483189/79356838-a53b1000-7f3f-11ea-80df-c0ad56e56b20.jpg);;![74665220_146429953352367_8231938592854246437_n](https://user-images.githubusercontent.com/43483189/79356932-b421c280-7f3f-11ea-8063-9342b10c0952.jpg)
;;;;;;;;;;;;;![66088508_716661238748071_5558717381787723041_n](https://user-images.githubusercontent.com/43483189/79356839-a53b1000-7f3f-11ea-914c-916d6335e9bb.jpg);;![74670553_479862056208358_7515244009808518185_n](https://user-images.githubusercontent.com/43483189/79356933-b421c280-7f3f-11ea-8ce4-5544d71e5f4a.jpg)
;;;;;;;;;;;;;![66358718_170222054007149_2842931648935802102_n](https://user-images.githubusercontent.com/43483189/79356840-a5d3a680-7f3f-11ea-9713-52c4ed7b0c33.jpg);;![74711307_2540148729374241_172808215227056845_n](https://user-images.githubusercontent.com/43483189/79356937-b4ba5900-7f3f-11ea-97bd-02df5027abc5.jpg)
;;;;;;;;;;;;;![66403127_400172474180996_4194922797630047003_n](https://user-images.githubusercontent.com/43483189/79356842-a5d3a680-7f3f-11ea-9a1d-0f7a905e9883.jpg);;![74880439_2493099277411436_8842077794705632352_n](https://user-images.githubusercontent.com/43483189/79356939-b552ef80-7f3f-11ea-93d6-f7489cf588fd.jpg)
;;;;;;;;;;;;;![66416301_182179226126358_8842771079943772645_n](https://user-images.githubusercontent.com/43483189/79356843-a66c3d00-7f3f-11ea-9bd9-cc9fa3ff3032.jpg);;![74892131_2843277129016110_2824514597543323875_n](https://user-images.githubusercontent.com/43483189/79356940-b552ef80-7f3f-11ea-90d1-a65c473006da.jpg)
;;;;;;;;;;;;;![66436304_469423156947765_1278090144833000732_n](https://user-images.githubusercontent.com/43483189/79356845-a66c3d00-7f3f-11ea-889f-c45a2959bee1.jpg);;![74993171_477665689546303_5712801999422111185_n](https://user-images.githubusercontent.com/43483189/79356941-b5eb8600-7f3f-11ea-98e8-2c89f9a41b04.jpg)
;;;;;;;;;;;;;![66448821_614014632419443_2461336372900604792_n](https://user-images.githubusercontent.com/43483189/79356847-a66c3d00-7f3f-11ea-8abb-b9e82918a8e8.jpg);;![75291123_1427088744112818_3818585316122427392_n](https://user-images.githubusercontent.com/43483189/79356946-b5eb8600-7f3f-11ea-9466-ffcc7bbac4df.jpg)
;;;;;;;;;;;;;![66482390_144242680104808_367740377509526837_n](https://user-images.githubusercontent.com/43483189/79356849-a704d380-7f3f-11ea-9f1a-ad2f824212c3.jpg);;![75397678_963384357353089_7279655473916332981_n](https://user-images.githubusercontent.com/43483189/79356947-b6841c80-7f3f-11ea-9d06-259d6e88e21d.jpg)
;;;;;;;;;;;;;![66691956_178545263152953_7667588247547892165_n](https://user-images.githubusercontent.com/43483189/79356850-a704d380-7f3f-11ea-8c73-72e50faa7c7d.jpg);;![75448886_191603135343813_847706951577489532_n](https://user-images.githubusercontent.com/43483189/79356949-b6841c80-7f3f-11ea-89c2-a583aed19cc1.jpg)
;;;;;;;;;;;;;![66770469_707564086367804_362567685205691975_n](https://user-images.githubusercontent.com/43483189/79356852-a79d6a00-7f3f-11ea-8641-5756f54b319d.jpg);;![75458007_585168405556691_8958828718755182935_n](https://user-images.githubusercontent.com/43483189/79356951-b71cb300-7f3f-11ea-8878-1c93e25601be.jpg)
;;;;;;;;;;;;;![66782781_737190730032235_8744398801913019796_n](https://user-images.githubusercontent.com/43483189/79356853-a79d6a00-7f3f-11ea-9c72-884272177452.jpg);;![75538120_131537894967659_2842840916108194317_n](https://user-images.githubusercontent.com/43483189/79356952-b71cb300-7f3f-11ea-99c2-83d2150774fc.jpg)
;;;;;;;;;;;;;![66806918_116735799373630_7979922084734140470_n](https://user-images.githubusercontent.com/43483189/79356855-a8360080-7f3f-11ea-9759-f0cf2f5390a1.jpg);;![75590886_123552625773332_7749827325265198150_n](https://user-images.githubusercontent.com/43483189/79356954-b7b54980-7f3f-11ea-8382-555677616575.jpg)
;;;;;;;;;;;;;![66809265_546196799458839_3713031677456202915_n](https://user-images.githubusercontent.com/43483189/79356857-a8360080-7f3f-11ea-9018-ddb61f53cf3c.jpg);;![77427171_142580457041682_411085459269701902_n](https://user-images.githubusercontent.com/43483189/79356956-b7b54980-7f3f-11ea-9c32-729a783d4b99.jpg)
;;;;;;;;;;;;;![67094119_2047642678864114_7684522719945557985_n](https://user-images.githubusercontent.com/43483189/79356859-a8ce9700-7f3f-11ea-8e43-c0f6d6f73b2a.jpg);;![79740917_1007086359650461_6321370498608183745_n](https://user-images.githubusercontent.com/43483189/79356957-b7b54980-7f3f-11ea-866c-aea259f0d479.jpg)
;;;;;;;;;;;;;![67229242_2311343465621427_9179795719805470545_n](https://user-images.githubusercontent.com/43483189/79356861-a8ce9700-7f3f-11ea-94d9-2ae80634d6d2.jpg);;![79797778_213130569706618_2427975419407318827_n](https://user-images.githubusercontent.com/43483189/79356958-b84de000-7f3f-11ea-9774-d7fede48bc45.jpg)
;;;;;;;;;;;;;![67402673_516262019148116_3388980602200165345_n](https://user-images.githubusercontent.com/43483189/79356863-a8ce9700-7f3f-11ea-8d73-1d09cebe47c2.jpg);;![80002348_1011112042583480_4062800903073693542_n](https://user-images.githubusercontent.com/43483189/79356960-b84de000-7f3f-11ea-9e1d-c631455f4ad8.jpg)
;;;;;;;;;;;;;![67434473_186048002406167_5799628411868497805_n](https://user-images.githubusercontent.com/43483189/79356865-a9672d80-7f3f-11ea-8fa7-42180fb23f46.jpg);;![80383761_105626420882581_2637976215670762395_n](https://user-images.githubusercontent.com/43483189/79356961-b8e67680-7f3f-11ea-818c-37a7d93ca8b0.jpg)
;;;;;;;;;;;;;![67502702_388979495149714_9169648090004505215_n](https://user-images.githubusercontent.com/43483189/79356867-a9672d80-7f3f-11ea-9830-4d170eaf2a02.jpg);;![80640221_2443114582669518_5902640299296512585_n](https://user-images.githubusercontent.com/43483189/79356963-b8e67680-7f3f-11ea-9266-0ef7c510b1c8.jpg)
;;;;;;;;;;;;;![67753725_140104803906686_5000039762877383534_n](https://user-images.githubusercontent.com/43483189/79356868-a9ffc400-7f3f-11ea-84f7-3e6dc9e5cf0d.jpg);;![80716833_637881600291426_7796041733804485870_n](https://user-images.githubusercontent.com/43483189/79356966-b97f0d00-7f3f-11ea-98fc-9e357d5a2d52.jpg)
;;;;;;;;;;;;;![67791626_704791149931677_2280341399480317044_n](https://user-images.githubusercontent.com/43483189/79356870-a9ffc400-7f3f-11ea-97d9-ebbb2f315661.jpg);;![81207238_125987038866888_4727160701765817666_n](https://user-images.githubusercontent.com/43483189/79356967-ba17a380-7f3f-11ea-97af-f1f74a7a5a21.jpg)
;;;;;;;;;;;;;![67810421_523748985067194_3064148156219646754_n](https://user-images.githubusercontent.com/43483189/79356874-aa985a80-7f3f-11ea-8aa7-dda25e455487.jpg);;![81327872_101595514666922_7206781102507000498_n](https://user-images.githubusercontent.com/43483189/79356971-ba17a380-7f3f-11ea-9f14-fec4f4b3c47f.jpg)
;;;;;;;;;;;;;![67840693_479076165989792_7722518602119242791_n](https://user-images.githubusercontent.com/43483189/79356876-ab30f100-7f3f-11ea-8ada-ae406152f9f8.jpg);;![81738207_238691653784137_8105515989247980901_n](https://user-images.githubusercontent.com/43483189/79356973-bab03a00-7f3f-11ea-9abd-f2280eaf44ad.jpg)
;;;;;;;;;;;;;![67932592_151675979268515_3760903430348108572_n](https://user-images.githubusercontent.com/43483189/79356878-ab30f100-7f3f-11ea-9d42-17527045e4b0.jpg);;![81787657_804500476628566_5881684202223158721_n](https://user-images.githubusercontent.com/43483189/79356974-bab03a00-7f3f-11ea-9bb9-ef397198baf5.jpg)
;;;;;;;;;;;;;![68768771_220967638874068_5237404532303492347_n](https://user-images.githubusercontent.com/43483189/79356880-abc98780-7f3f-11ea-893f-450bc4044f65.jpg);;![82604533_598403987606851_7186930373320168443_n](https://user-images.githubusercontent.com/43483189/79356977-bb48d080-7f3f-11ea-99b1-afbe01979dc3.jpg)
;;;;;;;;;;;;;![68981820_1185699938300519_8547337117688525973_n](https://user-images.githubusercontent.com/43483189/79356881-abc98780-7f3f-11ea-9849-aa633e68afba.jpg);;![82860191_1772823139519550_2157510571716143611_n](https://user-images.githubusercontent.com/43483189/79356978-bb48d080-7f3f-11ea-8381-7e8f4804dd18.jpg)
;;;;;;;;;;;;;![69055414_119908439354910_6155583023507237446_n](https://user-images.githubusercontent.com/43483189/79356882-abc98780-7f3f-11ea-94bd-7a11ebbf07b1.jpg);;![83085240_2634867716747157_1555842391209025251_n](https://user-images.githubusercontent.com/43483189/79356979-bbe16700-7f3f-11ea-9f13-d0aa570ccb13.jpg)
;;;;;;;;;;;;;![69187676_515782399185135_593750664695881470_n](https://user-images.githubusercontent.com/43483189/79356883-ac621e00-7f3f-11ea-867d-6892d6e4cb25.jpg);;![83132865_807818839730929_595802343916071808_n](https://user-images.githubusercontent.com/43483189/79356983-bc79fd80-7f3f-11ea-9aad-9f1b7b06597f.jpg)
;;;;;;;;;;;;;![69230295_224008825246664_7183838856316884576_n](https://user-images.githubusercontent.com/43483189/79356884-ac621e00-7f3f-11ea-8c40-65830065ce83.jpg);;![83317811_193764728649147_5037039156811201797_n](https://user-images.githubusercontent.com/43483189/79356985-bc79fd80-7f3f-11ea-99f9-01009181d094.jpg)
;;;;;;;;;;;;;![69259799_394552701456408_7433645088984112395_n](https://user-images.githubusercontent.com/43483189/79356885-acfab480-7f3f-11ea-8080-b9d8aa320090.jpg);;![83383640_188256525872195_4018603414913442726_n](https://user-images.githubusercontent.com/43483189/79356986-bc79fd80-7f3f-11ea-8321-0f9651d16fb3.jpg)
;;;;;;;;;;;;;![69404837_190038642010199_7412742000701686455_n](https://user-images.githubusercontent.com/43483189/79356887-ad934b00-7f3f-11ea-9246-efa7ecf834bf.jpg);;![84157794_198920207883559_8267371703308190345_n](https://user-images.githubusercontent.com/43483189/79356987-bd129400-7f3f-11ea-8d7e-956d25d0a41e.jpg)
;;;;;;;;;;;;;![69586840_524122391720965_1351735044576928174_n](https://user-images.githubusercontent.com/43483189/79356888-ad934b00-7f3f-11ea-8a0a-b454ebe049ec.jpg);;![84181502_576343522918554_5893499073679516112_n](https://user-images.githubusercontent.com/43483189/79356988-bd129400-7f3f-11ea-9456-c30b8b3cf4ed.jpg)
;;;;;;;;;;;;;![69821834_154143472359204_2243246980243601927_n](https://user-images.githubusercontent.com/43483189/79356891-ae2be180-7f3f-11ea-87d9-6004ecbdf276.jpg);;![84603510_437757990275873_6544742975871525678_n](https://user-images.githubusercontent.com/43483189/79356990-bdab2a80-7f3f-11ea-88df-4ddeb41747b3.jpg)
;;;;;;;;;;;;;![69990964_457093988225277_3114966304966931366_n](https://user-images.githubusercontent.com/43483189/79356892-aec47800-7f3f-11ea-8733-7ed95d1e5f59.jpg);;![84638719_868282263617039_1114112356224559768_n](https://user-images.githubusercontent.com/43483189/79356991-bdab2a80-7f3f-11ea-9dad-3dbb6a46da1a.jpg)
;;;;;;;;;;;;;![70287980_685037448685997_5084547872316586242_n](https://user-images.githubusercontent.com/43483189/79356893-aec47800-7f3f-11ea-9177-4ab863743257.jpg);;![84761339_851847688596595_599572437548139410_n](https://user-images.githubusercontent.com/43483189/79356994-be43c100-7f3f-11ea-8e22-28ec3fd8816c.jpg)
;;;;;;;;;;;;;![70447388_2563642987205326_1123336924964761254_n](https://user-images.githubusercontent.com/43483189/79356896-af5d0e80-7f3f-11ea-941e-233f46944f30.jpg);;![84979207_186178672482933_6849095624851964944_n](https://user-images.githubusercontent.com/43483189/79356997-be43c100-7f3f-11ea-8d11-b050044d2d3a.jpg)
;;;;;;;;;;;;;![70497623_780906069048581_1174835339022337519_n](https://user-images.githubusercontent.com/43483189/79356898-aff5a500-7f3f-11ea-84b6-1fc6ae21949f.jpg);;![87235587_2572318656427427_1929975221497578691_n](https://user-images.githubusercontent.com/43483189/79356998-bedc5780-7f3f-11ea-9f92-1b0058c3bc25.jpg)
;;;;;;;;;;;;;![70517459_125272248849015_7206703854103878022_n](https://user-images.githubusercontent.com/43483189/79356900-aff5a500-7f3f-11ea-8aa4-7218d729eb53.jpg);;![87394584_100463544876330_6130355775379937386_n](https://user-images.githubusercontent.com/43483189/79356999-bedc5780-7f3f-11ea-8a57-ca11a15be696.jpg)
;;;;;;;;;;;;;![70579312_713042859121801_5587454156612145163_n](https://user-images.githubusercontent.com/43483189/79356903-b08e3b80-7f3f-11ea-80f7-988286986423.jpg);;![87570794_212317700171199_7911350368299864562_n](https://user-images.githubusercontent.com/43483189/79357000-bf74ee00-7f3f-11ea-8ac4-3fa9b8d24756.jpg)
;;;;;;;;;;;;;![70951969_385796855434372_1908716657961994578_n](https://user-images.githubusercontent.com/43483189/79356905-b08e3b80-7f3f-11ea-9553-2496b5c9800e.jpg);;![87889133_204006300808848_4975898159061510403_n](https://user-images.githubusercontent.com/43483189/79357002-bf74ee00-7f3f-11ea-9869-c0031dbc85c1.jpg)
;;;;;;;;;;;;;![71182040_1178591905666387_8844561579649275113_n](https://user-images.githubusercontent.com/43483189/79356908-b08e3b80-7f3f-11ea-9113-82c5a9d1085c.jpg);;![88377924_2455218631458593_4620826034231707497_n](https://user-images.githubusercontent.com/43483189/79357003-c00d8480-7f3f-11ea-912c-ddfb0e0b67d3.jpg)
;;;;;;;;;;;;;![71755338_130871801644725_6418582139356277041_n](https://user-images.githubusercontent.com/43483189/79356911-b126d200-7f3f-11ea-8904-3e9eeacf64b2.jpg);;![89281951_228703658272627_2548718504661424994_n](https://user-images.githubusercontent.com/43483189/79357004-c00d8480-7f3f-11ea-9086-bb13d7cb2ae0.jpg)
;;;;;;;;;;;;;![71848720_799625837159219_7330901808661900193_n](https://user-images.githubusercontent.com/43483189/79356912-b126d200-7f3f-11ea-8352-54132f0901d5.jpg);;![89986433_249700946041315_5761869283148390170_n](https://user-images.githubusercontent.com/43483189/79357006-c0a61b00-7f3f-11ea-8b19-d6dd4aca5780.jpg)
;;;;;;;;;;;;;![72152798_1614518368690456_5809637547898436442_n](https://user-images.githubusercontent.com/43483189/79356914-b1bf6880-7f3f-11ea-9b30-6a233522b81a.jpg);;![90990178_232328507959314_4935031944720885162_n](https://user-images.githubusercontent.com/43483189/79357009-c13eb180-7f3f-11ea-8d0e-a1b57f8e5d1d.jpg)
;;;;;;;;;;;;;![72165221_542761696269659_855119143437132554_n](https://user-images.githubusercontent.com/43483189/79356915-b1bf6880-7f3f-11ea-8290-7bac5927f6ac.jpg);;![91099566_198360884947643_2693100336112948481_n](https://user-images.githubusercontent.com/43483189/79357012-c13eb180-7f3f-11ea-85a7-1c51ef46d178.jpg)
;;;;;;;;;;;;;![72279906_747144085727495_7228879940822196256_n](https://user-images.githubusercontent.com/43483189/79356918-b257ff00-7f3f-11ea-8de1-6cb47808be99.jpg);;![91170477_613153266199012_2408443030622729315_n](https://user-images.githubusercontent.com/43483189/79357013-c1d74800-7f3f-11ea-94c3-01c48511c539.jpg)
;;;;;;;;;;;;;![72308594_2654060694652270_7043813379306269690_n](https://user-images.githubusercontent.com/43483189/79356920-b257ff00-7f3f-11ea-94fa-285170e49d9d.jpg);;![91286269_660019651439670_3836003737154843838_n](https://user-images.githubusercontent.com/43483189/79357014-c1d74800-7f3f-11ea-9a0c-d081e2b2aa93.jpg)
;;;;;;;;;;;;;![72414220_228362674814852_6421648801099890767_n](https://user-images.githubusercontent.com/43483189/79356922-b2f09580-7f3f-11ea-9d7a-663c72b3b385.jpg);;![91364048_565467300989204_297609353576186685_n](https://user-images.githubusercontent.com/43483189/79357016-c26fde80-7f3f-11ea-887a-bc4075e69027.jpg)
;;;;;;;;;;;;;![72755426_499902730612364_9122350059403845042_n](https://user-images.githubusercontent.com/43483189/79356925-b3892c00-7f3f-11ea-9ca3-d10411442789.jpg);;
;;;;;;;;;;;;;![73381099_562213117880184_7586804646166098245_n](https://user-images.githubusercontent.com/43483189/79356929-b3892c00-7f3f-11ea-821b-2f8b0dd57629.jpg);;
;;;;;;;;;;;;;![74603484_1657451131061376_424515228613974400_n](https://user-images.githubusercontent.com/43483189/79356930-b3892c00-7f3f-11ea-9658-dbe0d55dfbf9.jpg);;
;;;;;;;;;;;;;![74665220_146429953352367_8231938592854246437_n](https://user-images.githubusercontent.com/43483189/79356932-b421c280-7f3f-11ea-8063-9342b10c0952.jpg);;
;;;;;;;;;;;;;![74670553_479862056208358_7515244009808518185_n](https://user-images.githubusercontent.com/43483189/79356933-b421c280-7f3f-11ea-8ce4-5544d71e5f4a.jpg);;
;;;;;;;;;;;;;![74711307_2540148729374241_172808215227056845_n](https://user-images.githubusercontent.com/43483189/79356937-b4ba5900-7f3f-11ea-97bd-02df5027abc5.jpg);;
;;;;;;;;;;;;;![74880439_2493099277411436_8842077794705632352_n](https://user-images.githubusercontent.com/43483189/79356939-b552ef80-7f3f-11ea-93d6-f7489cf588fd.jpg);;
;;;;;;;;;;;;;![74892131_2843277129016110_2824514597543323875_n](https://user-images.githubusercontent.com/43483189/79356940-b552ef80-7f3f-11ea-90d1-a65c473006da.jpg);;
;;;;;;;;;;;;;![74993171_477665689546303_5712801999422111185_n](https://user-images.githubusercontent.com/43483189/79356941-b5eb8600-7f3f-11ea-98e8-2c89f9a41b04.jpg);;
;;;;;;;;;;;;;![75291123_1427088744112818_3818585316122427392_n](https://user-images.githubusercontent.com/43483189/79356946-b5eb8600-7f3f-11ea-9466-ffcc7bbac4df.jpg);;
;;;;;;;;;;;;;![75397678_963384357353089_7279655473916332981_n](https://user-images.githubusercontent.com/43483189/79356947-b6841c80-7f3f-11ea-9d06-259d6e88e21d.jpg);;
;;;;;;;;;;;;;![75448886_191603135343813_847706951577489532_n](https://user-images.githubusercontent.com/43483189/79356949-b6841c80-7f3f-11ea-89c2-a583aed19cc1.jpg);;
;;;;;;;;;;;;;![75458007_585168405556691_8958828718755182935_n](https://user-images.githubusercontent.com/43483189/79356951-b71cb300-7f3f-11ea-8878-1c93e25601be.jpg);;
;;;;;;;;;;;;;![75538120_131537894967659_2842840916108194317_n](https://user-images.githubusercontent.com/43483189/79356952-b71cb300-7f3f-11ea-99c2-83d2150774fc.jpg);;
;;;;;;;;;;;;;![75590886_123552625773332_7749827325265198150_n](https://user-images.githubusercontent.com/43483189/79356954-b7b54980-7f3f-11ea-8382-555677616575.jpg);;
;;;;;;;;;;;;;![77427171_142580457041682_411085459269701902_n](https://user-images.githubusercontent.com/43483189/79356956-b7b54980-7f3f-11ea-9c32-729a783d4b99.jpg);;
;;;;;;;;;;;;;![79740917_1007086359650461_6321370498608183745_n](https://user-images.githubusercontent.com/43483189/79356957-b7b54980-7f3f-11ea-866c-aea259f0d479.jpg);;
;;;;;;;;;;;;;![79797778_213130569706618_2427975419407318827_n](https://user-images.githubusercontent.com/43483189/79356958-b84de000-7f3f-11ea-9774-d7fede48bc45.jpg);;
;;;;;;;;;;;;;![80002348_1011112042583480_4062800903073693542_n](https://user-images.githubusercontent.com/43483189/79356960-b84de000-7f3f-11ea-9e1d-c631455f4ad8.jpg);;
;;;;;;;;;;;;;![80383761_105626420882581_2637976215670762395_n](https://user-images.githubusercontent.com/43483189/79356961-b8e67680-7f3f-11ea-818c-37a7d93ca8b0.jpg);;
;;;;;;;;;;;;;![80640221_2443114582669518_5902640299296512585_n](https://user-images.githubusercontent.com/43483189/79356963-b8e67680-7f3f-11ea-9266-0ef7c510b1c8.jpg);;
;;;;;;;;;;;;;![80716833_637881600291426_7796041733804485870_n](https://user-images.githubusercontent.com/43483189/79356966-b97f0d00-7f3f-11ea-98fc-9e357d5a2d52.jpg);;
;;;;;;;;;;;;;![81207238_125987038866888_4727160701765817666_n](https://user-images.githubusercontent.com/43483189/79356967-ba17a380-7f3f-11ea-97af-f1f74a7a5a21.jpg);;
;;;;;;;;;;;;;![81327872_101595514666922_7206781102507000498_n](https://user-images.githubusercontent.com/43483189/79356971-ba17a380-7f3f-11ea-9f14-fec4f4b3c47f.jpg);;
;;;;;;;;;;;;;![81738207_238691653784137_8105515989247980901_n](https://user-images.githubusercontent.com/43483189/79356973-bab03a00-7f3f-11ea-9abd-f2280eaf44ad.jpg);;
;;;;;;;;;;;;;![81787657_804500476628566_5881684202223158721_n](https://user-images.githubusercontent.com/43483189/79356974-bab03a00-7f3f-11ea-9bb9-ef397198baf5.jpg);;
;;;;;;;;;;;;;![82604533_598403987606851_7186930373320168443_n](https://user-images.githubusercontent.com/43483189/79356977-bb48d080-7f3f-11ea-99b1-afbe01979dc3.jpg);;
;;;;;;;;;;;;;![82860191_1772823139519550_2157510571716143611_n](https://user-images.githubusercontent.com/43483189/79356978-bb48d080-7f3f-11ea-8381-7e8f4804dd18.jpg);;
;;;;;;;;;;;;;![83085240_2634867716747157_1555842391209025251_n](https://user-images.githubusercontent.com/43483189/79356979-bbe16700-7f3f-11ea-9f13-d0aa570ccb13.jpg);;
;;;;;;;;;;;;;![83132865_807818839730929_595802343916071808_n](https://user-images.githubusercontent.com/43483189/79356983-bc79fd80-7f3f-11ea-9aad-9f1b7b06597f.jpg);;
;;;;;;;;;;;;;![83317811_193764728649147_5037039156811201797_n](https://user-images.githubusercontent.com/43483189/79356985-bc79fd80-7f3f-11ea-99f9-01009181d094.jpg);;
;;;;;;;;;;;;;![83383640_188256525872195_4018603414913442726_n](https://user-images.githubusercontent.com/43483189/79356986-bc79fd80-7f3f-11ea-8321-0f9651d16fb3.jpg);;
;;;;;;;;;;;;;![84157794_198920207883559_8267371703308190345_n](https://user-images.githubusercontent.com/43483189/79356987-bd129400-7f3f-11ea-8d7e-956d25d0a41e.jpg);;
;;;;;;;;;;;;;![84181502_576343522918554_5893499073679516112_n](https://user-images.githubusercontent.com/43483189/79356988-bd129400-7f3f-11ea-9456-c30b8b3cf4ed.jpg);;
;;;;;;;;;;;;;![84603510_437757990275873_6544742975871525678_n](https://user-images.githubusercontent.com/43483189/79356990-bdab2a80-7f3f-11ea-88df-4ddeb41747b3.jpg);;
;;;;;;;;;;;;;![84638719_868282263617039_1114112356224559768_n](https://user-images.githubusercontent.com/43483189/79356991-bdab2a80-7f3f-11ea-9dad-3dbb6a46da1a.jpg);;
;;;;;;;;;;;;;![84761339_851847688596595_599572437548139410_n](https://user-images.githubusercontent.com/43483189/79356994-be43c100-7f3f-11ea-8e22-28ec3fd8816c.jpg);;
;;;;;;;;;;;;;![84979207_186178672482933_6849095624851964944_n](https://user-images.githubusercontent.com/43483189/79356997-be43c100-7f3f-11ea-8d11-b050044d2d3a.jpg);;
;;;;;;;;;;;;;![87235587_2572318656427427_1929975221497578691_n](https://user-images.githubusercontent.com/43483189/79356998-bedc5780-7f3f-11ea-9f92-1b0058c3bc25.jpg);;
;;;;;;;;;;;;;![87394584_100463544876330_6130355775379937386_n](https://user-images.githubusercontent.com/43483189/79356999-bedc5780-7f3f-11ea-8a57-ca11a15be696.jpg);;
;;;;;;;;;;;;;![87570794_212317700171199_7911350368299864562_n](https://user-images.githubusercontent.com/43483189/79357000-bf74ee00-7f3f-11ea-8ac4-3fa9b8d24756.jpg);;
;;;;;;;;;;;;;![87889133_204006300808848_4975898159061510403_n](https://user-images.githubusercontent.com/43483189/79357002-bf74ee00-7f3f-11ea-9869-c0031dbc85c1.jpg);;
;;;;;;;;;;;;;![88377924_2455218631458593_4620826034231707497_n](https://user-images.githubusercontent.com/43483189/79357003-c00d8480-7f3f-11ea-912c-ddfb0e0b67d3.jpg);;
;;;;;;;;;;;;;![89281951_228703658272627_2548718504661424994_n](https://user-images.githubusercontent.com/43483189/79357004-c00d8480-7f3f-11ea-9086-bb13d7cb2ae0.jpg);;
;;;;;;;;;;;;;![89986433_249700946041315_5761869283148390170_n](https://user-images.githubusercontent.com/43483189/79357006-c0a61b00-7f3f-11ea-8b19-d6dd4aca5780.jpg);;
;;;;;;;;;;;;;![90990178_232328507959314_4935031944720885162_n](https://user-images.githubusercontent.com/43483189/79357009-c13eb180-7f3f-11ea-8d0e-a1b57f8e5d1d.jpg);;
;;;;;;;;;;;;;![91099566_198360884947643_2693100336112948481_n](https://user-images.githubusercontent.com/43483189/79357012-c13eb180-7f3f-11ea-85a7-1c51ef46d178.jpg);;
;;;;;;;;;;;;;![91170477_613153266199012_2408443030622729315_n](https://user-images.githubusercontent.com/43483189/79357013-c1d74800-7f3f-11ea-94c3-01c48511c539.jpg);;
;;;;;;;;;;;;;![91286269_660019651439670_3836003737154843838_n](https://user-images.githubusercontent.com/43483189/79357014-c1d74800-7f3f-11ea-9a0c-d081e2b2aa93.jpg);;
;;;;;;;;;;;;;![91364048_565467300989204_297609353576186685_n](https://user-images.githubusercontent.com/43483189/79357016-c26fde80-7f3f-11ea-887a-bc4075e69027.jpg);;
