id;category_en;category_cn;tag_en;tag_cn;title_en;title_cn;subtitle_en;subtitle_cn;content_en;content_cn;source;classification;avater;normal
101;USA;??;sport;??;Baraless;???;Some subtitle;Some subtitle;Some content;Some content;ins;vip1;![71182257_1109406572594811_5323339080166237379_n](https://user-images.githubusercontent.com/43483189/79633632-bb76e500-8166-11ea-8f75-bea22cc7970d.jpg);![71182257_1109406572594811_5323339080166237379_n](https://user-images.githubusercontent.com/43483189/79633632-bb76e500-8166-11ea-8f75-bea22cc7970d.jpg)
;;;;;;;;;;;;;![71191237_477689812844760_821715650207244019_n](https://user-images.githubusercontent.com/43483189/79633634-bdd93f00-8166-11ea-8dec-87a1eba94849.jpg);![71191237_477689812844760_821715650207244019_n](https://user-images.githubusercontent.com/43483189/79633634-bdd93f00-8166-11ea-8dec-87a1eba94849.jpg)
;;;;;;;;;;;;;![71285769_557431155034033_3107980957012251101_n](https://user-images.githubusercontent.com/43483189/79633638-c16cc600-8166-11ea-985d-48ae693f68d1.jpg);![71285769_557431155034033_3107980957012251101_n](https://user-images.githubusercontent.com/43483189/79633638-c16cc600-8166-11ea-985d-48ae693f68d1.jpg)
;;;;;;;;;;;;;![71520429_527129917851786_2896848664567274813_n](https://user-images.githubusercontent.com/43483189/79633640-c16cc600-8166-11ea-85b0-b7f65992ac38.jpg);![71520429_527129917851786_2896848664567274813_n](https://user-images.githubusercontent.com/43483189/79633640-c16cc600-8166-11ea-85b0-b7f65992ac38.jpg)
;;;;;;;;;;;;;![71527666_420827752150577_922922991076615873_n](https://user-images.githubusercontent.com/43483189/79633641-c2055c80-8166-11ea-9d09-cce61b274a7b.jpg);![71527666_420827752150577_922922991076615873_n](https://user-images.githubusercontent.com/43483189/79633641-c2055c80-8166-11ea-9d09-cce61b274a7b.jpg)
;;;;;;;;;;;;;![71530420_1973850292718081_2644017504604989225_n](https://user-images.githubusercontent.com/43483189/79633642-c2055c80-8166-11ea-8e2e-22a126003569.jpg);![71530420_1973850292718081_2644017504604989225_n](https://user-images.githubusercontent.com/43483189/79633642-c2055c80-8166-11ea-8e2e-22a126003569.jpg)
;;;;;;;;;;;;;;![71689311_726190444522603_5455885913501663994_n](https://user-images.githubusercontent.com/43483189/79633643-c29df300-8166-11ea-98f7-164e7a59a15b.jpg)
;;;;;;;;;;;;;;![71712147_3137835432898848_4833162774501808033_n](https://user-images.githubusercontent.com/43483189/79633644-c29df300-8166-11ea-9d75-03e79b96d666.jpg)
;;;;;;;;;;;;;;![71830626_140700837236991_3494997440938794269_n](https://user-images.githubusercontent.com/43483189/79633645-c29df300-8166-11ea-93d4-46c656ae2328.jpg)
;;;;;;;;;;;;;;![71835039_784032348683448_7111207031400367493_n](https://user-images.githubusercontent.com/43483189/79633649-c6317a00-8166-11ea-9d9c-f6be872287bd.jpg)
;;;;;;;;;;;;;;![71922832_127188468314358_6041653141142266035_n](https://user-images.githubusercontent.com/43483189/79633650-c6ca1080-8166-11ea-8084-543d1831c36b.jpg)
;;;;;;;;;;;;;;![72142745_147750979835669_1842975127676814389_n](https://user-images.githubusercontent.com/43483189/79633651-c893d400-8166-11ea-84e8-2b7bba1e34d2.jpg)
;;;;;;;;;;;;;;![73219353_544025616441554_5578239084049205751_n](https://user-images.githubusercontent.com/43483189/79633740-0bee4280-8167-11ea-99f0-8f40d924e07d.jpg)
;;;;;;;;;;;;;;![73246488_543330496461807_4750733443556138613_n](https://user-images.githubusercontent.com/43483189/79633742-0e509c80-8167-11ea-885f-47a36b22605c.jpg)
;;;;;;;;;;;;;;![73262887_443016073022214_8068347191474526536_n](https://user-images.githubusercontent.com/43483189/79633744-0ee93300-8167-11ea-90e9-8d27c3b5aec1.jpg)
;;;;;;;;;;;;;;![73265920_2406789539558919_782620269118765353_n](https://user-images.githubusercontent.com/43483189/79633745-101a6000-8167-11ea-9381-a494890a9722.jpg)
;;;;;;;;;;;;;;![73275411_158068525281447_1036869921168463316_n](https://user-images.githubusercontent.com/43483189/79633746-101a6000-8167-11ea-95a0-dd4dbd0dc901.jpg)
;;;;;;;;;;;;;;![73306113_253436588969191_8993303060570340327_n](https://user-images.githubusercontent.com/43483189/79633747-101a6000-8167-11ea-975a-c21f37281205.jpg)
;;;;;;;;;;;;;;![73315830_739713249769397_2442101087789466220_n](https://user-images.githubusercontent.com/43483189/79633748-10b2f680-8167-11ea-89a0-439d75d6ced9.jpg)
;;;;;;;;;;;;;;![73316446_506158876601491_3435112937088984127_n](https://user-images.githubusercontent.com/43483189/79633749-114b8d00-8167-11ea-82c9-cc912d92aed0.jpg)
;;;;;;;;;;;;;;![73322152_141687060490652_1004581167864525682_n](https://user-images.githubusercontent.com/43483189/79633751-11e42380-8167-11ea-9288-a0b98792e73f.jpg)
;;;;;;;;;;;;;;![73385835_167011507722516_7613912936472029400_n](https://user-images.githubusercontent.com/43483189/79633752-11e42380-8167-11ea-97e0-2702339a481e.jpg)
;;;;;;;;;;;;;;![73407395_780857089010847_8164703683697042998_n](https://user-images.githubusercontent.com/43483189/79633753-127cba00-8167-11ea-8563-b4c253110e61.jpg)
;;;;;;;;;;;;;;![73414101_1696574090484676_7017103914672516225_n](https://user-images.githubusercontent.com/43483189/79633754-13155080-8167-11ea-9e3c-e4dcf9b63f4d.jpg)
;;;;;;;;;;;;;;![73420484_2552937634813455_7237502893862646556_n](https://user-images.githubusercontent.com/43483189/79633755-13ade700-8167-11ea-9f11-90c6b44db3a7.jpg)
;;;;;;;;;;;;;;![73420514_652324311840179_3501443721247399004_n](https://user-images.githubusercontent.com/43483189/79633756-13ade700-8167-11ea-8f3d-abbbc4592545.jpg)
;;;;;;;;;;;;;;![73456026_186501149061553_4926577327036074902_n](https://user-images.githubusercontent.com/43483189/79633759-14df1400-8167-11ea-861f-c2831bf463d7.jpg)
;;;;;;;;;;;;;;![73457365_678234065918214_4362102394297195047_n](https://user-images.githubusercontent.com/43483189/79633760-1577aa80-8167-11ea-87f7-8b497148ad47.jpg)
;;;;;;;;;;;;;;![73480702_2150211935275270_2791334462849211221_n](https://user-images.githubusercontent.com/43483189/79633762-17da0480-8167-11ea-9ccc-249278c8df1b.jpg)
;;;;;;;;;;;;;;![73480739_549291945821473_1207462020298477132_n](https://user-images.githubusercontent.com/43483189/79633763-190b3180-8167-11ea-8217-d01c66683b6c.jpg)
;;;;;;;;;;;;;;![73512763_538269200326068_8264303833325300085_n](https://user-images.githubusercontent.com/43483189/79633765-1a3c5e80-8167-11ea-9ffe-9da9e7649147.jpg)
;;;;;;;;;;;;;;![73524867_408408703401309_316306939514955942_n](https://user-images.githubusercontent.com/43483189/79633766-1ad4f500-8167-11ea-8f9c-d14577832598.jpg)
;;;;;;;;;;;;;;![73533242_173532743796616_304268379878194194_n](https://user-images.githubusercontent.com/43483189/79633767-1c062200-8167-11ea-98b4-c7421912e543.jpg)
;;;;;;;;;;;;;;![73537474_199629081062222_1258692866095126612_n](https://user-images.githubusercontent.com/43483189/79633768-1c9eb880-8167-11ea-81f4-55a0f2ad69d8.jpg)
;;;;;;;;;;;;;;![73537499_543549696208945_5616542594519962145_n](https://user-images.githubusercontent.com/43483189/79633770-1dcfe580-8167-11ea-8540-a5f9f98e37b9.jpg)
;;;;;;;;;;;;;;![73554131_170027564188827_6449611735348980785_n](https://user-images.githubusercontent.com/43483189/79633771-1e687c00-8167-11ea-8e79-35a9f9cf184d.jpg)
;;;;;;;;;;;;;;![73714019_586305342114522_2959319159051766121_n](https://user-images.githubusercontent.com/43483189/79633774-1f99a900-8167-11ea-8306-8cecc738bdce.jpg)
;;;;;;;;;;;;;;![74415298_2205198359773058_3869434284475435270_n](https://user-images.githubusercontent.com/43483189/79633775-20cad600-8167-11ea-916e-22af2f103ec2.jpg)
;;;;;;;;;;;;;;![74476896_2547254401990218_629151987062495447_n](https://user-images.githubusercontent.com/43483189/79633776-21636c80-8167-11ea-9ca0-6108d144867e.jpg)
;;;;;;;;;;;;;;![74518340_170766013983605_8377934305998847318_n](https://user-images.githubusercontent.com/43483189/79633777-21636c80-8167-11ea-9f2f-04c4217f1eab.jpg)
;;;;;;;;;;;;;;![74528117_147995609834492_7930487773137723163_n](https://user-images.githubusercontent.com/43483189/79633778-22949980-8167-11ea-8e85-f75be0d6d0cd.jpg)
;;;;;;;;;;;;;;![74599490_697710897409067_340202164233570622_n](https://user-images.githubusercontent.com/43483189/79633779-232d3000-8167-11ea-9d03-37d81cdabdb1.jpg)
;;;;;;;;;;;;;;![74600022_2539302956156166_5775303821139656156_n](https://user-images.githubusercontent.com/43483189/79633781-23c5c680-8167-11ea-980d-52dbe89c2094.jpg)
;;;;;;;;;;;;;;![74601363_170845393975939_2012520804576946047_n](https://user-images.githubusercontent.com/43483189/79633782-245e5d00-8167-11ea-8145-d54faf2281c5.jpg)
;;;;;;;;;;;;;;![74603495_1179163308961315_562139550833746836_n](https://user-images.githubusercontent.com/43483189/79633783-258f8a00-8167-11ea-9bfd-696568008fcb.jpg)
;;;;;;;;;;;;;;![74605109_157869235520294_8525700487687606335_n](https://user-images.githubusercontent.com/43483189/79633787-29231100-8167-11ea-9451-37ab40a5629c.jpg)
;;;;;;;;;;;;;;![74611886_514310292481102_5734444244423342388_n](https://user-images.githubusercontent.com/43483189/79633793-2c1e0180-8167-11ea-8163-30470f408a17.jpg)
;;;;;;;;;;;;;;![74615193_420354925327227_5593931333887391464_n](https://user-images.githubusercontent.com/43483189/79633794-2cb69800-8167-11ea-9a48-f2407d787774.jpg)
;;;;;;;;;;;;;;![74634280_175172780327975_1155591714195885299_n](https://user-images.githubusercontent.com/43483189/79633796-2d4f2e80-8167-11ea-87a7-491bca0bb64e.jpg)
;;;;;;;;;;;;;;![74656398_1221782504683191_2691171529168288034_n](https://user-images.githubusercontent.com/43483189/79633797-2d4f2e80-8167-11ea-867e-405717a4db59.jpg)
;;;;;;;;;;;;;;![74665231_1128708530796356_9117730899192751810_n](https://user-images.githubusercontent.com/43483189/79633798-2de7c500-8167-11ea-81d2-ae310f425e66.jpg)
;;;;;;;;;;;;;;![74665239_594178964664440_8911706187333189797_n](https://user-images.githubusercontent.com/43483189/79633799-2e805b80-8167-11ea-86c8-aa8dea9fa454.jpg)
;;;;;;;;;;;;;;![74666137_3015146721845918_2641041906181208858_n](https://user-images.githubusercontent.com/43483189/79633800-2e805b80-8167-11ea-94ed-6936554b7581.jpg)
;;;;;;;;;;;;;;![74673871_180972243090043_6704128503278038094_n](https://user-images.githubusercontent.com/43483189/79633801-2e805b80-8167-11ea-9657-d3f714898fca.jpg)
;;;;;;;;;;;;;;![74682952_205093987173366_5694772700189574150_n](https://user-images.githubusercontent.com/43483189/79633802-2f18f200-8167-11ea-8ba4-615cc1723a17.jpg)
;;;;;;;;;;;;;;![74693418_420353018626048_4302343672656273453_n](https://user-images.githubusercontent.com/43483189/79633803-32ac7900-8167-11ea-86d9-f4e0d46bc770.jpg)
;;;;;;;;;;;;;;![74698427_2510855075864774_2379814565551095019_n](https://user-images.githubusercontent.com/43483189/79633804-32ac7900-8167-11ea-8256-8167de6ed790.jpg)
;;;;;;;;;;;;;;![74796186_113588383249266_4034106199602068218_n](https://user-images.githubusercontent.com/43483189/79633805-33450f80-8167-11ea-906d-e5b4c2865122.jpg)
;;;;;;;;;;;;;;![74800927_416659562346630_7243646380813449650_n](https://user-images.githubusercontent.com/43483189/79633808-33450f80-8167-11ea-8f77-e44fe0868d41.jpg)
;;;;;;;;;;;;;;![74802908_457454221574733_1335239597142624475_n](https://user-images.githubusercontent.com/43483189/79633811-35a76980-8167-11ea-9135-d4c44dd443e0.jpg)
;;;;;;;;;;;;;;![71172546_696838370808552_2669899144701112645_n](https://user-images.githubusercontent.com/43483189/79633812-36d89680-8167-11ea-8ea1-311664f451d1.jpg)
;;;;;;;;;;;;;;![71172708_234713304162057_7735426895375841614_n](https://user-images.githubusercontent.com/43483189/79633813-37712d00-8167-11ea-8f89-b48b16d77253.jpg)
;;;;;;;;;;;;;;![71178840_515704709279844_4091306880114531400_n](https://user-images.githubusercontent.com/43483189/79633815-3809c380-8167-11ea-8f95-2b60e6d26399.jpg)
;;;;;;;;;;;;;;
;;;;;;;;;;;;;;
;;;;;;;;;;;;;;
;;;;;;;;;;;;;;
;;;;;;;;;;;;;;
;;;;;;;;;;;;;;
;;;;;;;;;;;;;;
;;;;;;;;;;;;;;
;;;;;;;;;;;;;;
;;;;;;;;;;;;;;
;;;;;;;;;;;;;;
;;;;;;;;;;;;;;
;;;;;;;;;;;;;;
;;;;;;;;;;;;;;
;;;;;;;;;;;;;;
;;;;;;;;;;;;;;
;;;;;;;;;;;;;;
;;;;;;;;;;;;;;
;;;;;;;;;;;;;;
;;;;;;;;;;;;;;
;;;;;;;;;;;;;;
;;;;;;;;;;;;;;
;;;;;;;;;;;;;;
;;;;;;;;;;;;;;
;;;;;;;;;;;;;;
;;;;;;;;;;;;;;
;;;;;;;;;;;;;;
;;;;;;;;;;;;;;
;;;;;;;;;;;;;;
;;;;;;;;;;;;;;
;;;;;;;;;;;;;;
;;;;;;;;;;;;;;
;;;;;;;;;;;;;;
;;;;;;;;;;;;;;
;;;;;;;;;;;;;;
;;;;;;;;;;;;;;
;;;;;;;;;;;;;;
;;;;;;;;;;;;;;
;;;;;;;;;;;;;;
;;;;;;;;;;;;;;
;;;;;;;;;;;;;;
;;;;;;;;;;;;;;
;;;;;;;;;;;;;;
;;;;;;;;;;;;;;
;;;;;;;;;;;;;;
;;;;;;;;;;;;;;
;;;;;;;;;;;;;;
;;;;;;;;;;;;;;
;;;;;;;;;;;;;;
;;;;;;;;;;;;;;
;;;;;;;;;;;;;;3652-c9c50100-8166-11ea-9fc2-f05a86a466b2.jpg)
;;;;;;;;;;;;;;![72210722_198858397955522_7815786764003756260_n](https://user-images.githubusercontent.com/43483189/79633654-caf62e00-8166-11ea-9067-369b91170bfc.jpg)
;;;;;;;;;;;;;;![72223762_170988907316734_2657401231305678354_n](https://user-images.githubusercontent.com/43483189/79633656-ccbff180-8166-11ea-867d-4ecf65c5b4e9.jpg)
;;;;;;;;;;;;;;![72331304_459605908030172_2691853092280383162_n](https://user-images.githubusercontent.com/43483189/79633657-cfbae200-8166-11ea-8b06-e3aca073d879.jpg)
;;;;;;;;;;;;;;![72348981_102875484487318_6655615125939109843_n](https://user-images.githubusercontent.com/43483189/79633660-d3e6ff80-8166-11ea-85cd-8b1381bfb005.jpg)
;;;;;;;;;;;;;;![72394128_538086197004979_6989983050479157047_n](https://user-images.githubusercontent.com/43483189/79633669-dba6a400-8166-11ea-9f23-ff89260c45ec.jpg)
;;;;;;;;;;;;;;![72402449_1380612895429871_5244020731758815621_n](https://user-images.githubusercontent.com/43483189/79633673-de08fe00-8166-11ea-8e18-b50de526312f.jpg)
;;;;;;;;;;;;;;![72450832_508740743297686_1208703609188240849_n](https://user-images.githubusercontent.com/43483189/79633674-dfd2c180-8166-11ea-97b3-8952000d6c35.jpg)
;;;;;;;;;;;;;;![72541475_145297706747062_9133783589854798007_n](https://user-images.githubusercontent.com/43483189/79633675-e19c8500-8166-11ea-9f1c-42b1a3370d99.jpg)
;;;;;;;;;;;;;;![72573766_196193814734546_2307309767711092709_n](https://user-images.githubusercontent.com/43483189/79633680-e4977580-8166-11ea-9406-01b46c814542.jpg)
;;;;;;;;;;;;;;![72581511_545684599549668_819638060675776506_n](https://user-images.githubusercontent.com/43483189/79633681-e6f9cf80-8166-11ea-8f1e-3918a8f8ac3a.jpg)
;;;;;;;;;;;;;;![72584663_233218137649932_1206351570636159707_n](https://user-images.githubusercontent.com/43483189/79633683-e8c39300-8166-11ea-9de1-fac523e8cc40.jpg)
;;;;;;;;;;;;;;![72586426_598265947565777_1700564720114094937_n](https://user-images.githubusercontent.com/43483189/79633685-eb25ed00-8166-11ea-824f-af548232b3e8.jpg)
;;;;;;;;;;;;;;![72591008_3096971133664196_4238927703731709039_n](https://user-images.githubusercontent.com/43483189/79633688-ec571a00-8166-11ea-8b28-18a2c1b25672.jpg)
;;;;;;;;;;;;;;![72601605_540657326493574_7809020133563582578_n](https://user-images.githubusercontent.com/43483189/79633692-ee20dd80-8166-11ea-887c-8f038dac44c5.jpg)
;;;;;;;;;;;;;;![72649311_152195102689467_1194945026305657693_n](https://user-images.githubusercontent.com/43483189/79633694-ef520a80-8166-11ea-86ea-9e2c7d14663a.jpg)
;;;;;;;;;;;;;;![72660523_522059868350704_2078889212387552535_n](https://user-images.githubusercontent.com/43483189/79633697-f0833780-8166-11ea-8e9d-972095e34d32.jpg)
;;;;;;;;;;;;;;![72666438_106668157334306_4918447796739032431_n](https://user-images.githubusercontent.com/43483189/79633698-f1b46480-8166-11ea-96d1-ab9cfbf5cfa7.jpg)
;;;;;;;;;;;;;;![72693628_123173045451337_2371955078158449007_n](https://user-images.githubusercontent.com/43483189/79633702-f416be80-8166-11ea-933b-05a126da5f2a.jpg)
;;;;;;;;;;;;;;![72693628_210475936624839_4832112564037958304_n](https://user-images.githubusercontent.com/43483189/79633703-f4af5500-8166-11ea-95da-de2812d274f3.jpg)
;;;;;;;;;;;;;;![72700706_162391641498358_4553802603031737236_n](https://user-images.githubusercontent.com/43483189/79633705-f547eb80-8166-11ea-8d74-a9fb0eb235b2.jpg)
;;;;;;;;;;;;;;![72726439_484955588785455_7002706132631799179_n](https://user-images.githubusercontent.com/43483189/79633706-f6791880-8166-11ea-87ba-e642a59bcfb7.jpg)
;;;;;;;;;;;;;;![72767025_454843248715726_3729196376350631675_n](https://user-images.githubusercontent.com/43483189/79633708-f7aa4580-8166-11ea-8420-3a8353c446d1.jpg)
;;;;;;;;;;;;;;![72777583_1150668228474211_8892269613425007233_n](https://user-images.githubusercontent.com/43483189/79633709-f9740900-8166-11ea-8b74-d42729a239d0.jpg)
;;;;;;;;;;;;;;![72780430_1414814432010614_1645839369614668233_n](https://user-images.githubusercontent.com/43483189/79633714-fc6ef980-8166-11ea-8bb9-de583e8d2716.jpg)
;;;;;;;;;;;;;;![72783042_747210152424808_3600869681535175844_n](https://user-images.githubusercontent.com/43483189/79633715-fda02680-8166-11ea-8696-d42f382bb7b1.jpg)
;;;;;;;;;;;;;;![72788599_297500821182296_188848323079163514_n](https://user-images.githubusercontent.com/43483189/79633717-fe38bd00-8166-11ea-8762-57061c5d83ed.jpg)
;;;;;;;;;;;;;;![72789898_2479644425605421_2179658754301494252_n](https://user-images.githubusercontent.com/43483189/79633719-ff69ea00-8166-11ea-8e67-d93eec10db29.jpg)
;;;;;;;;;;;;;;![72851977_239487747020237_9125045102106172962_n](https://user-images.githubusercontent.com/43483189/79633720-00028080-8167-11ea-85f1-9e8a207073b8.jpg)
;;;;;;;;;;;;;;![72860252_139732577299395_6958869752099279645_n](https://user-images.githubusercontent.com/43483189/79633721-009b1700-8167-11ea-968a-90bca676caf5.jpg)
;;;;;;;;;;;;;;![72862575_163726391364201_656990730315659874_n](https://user-images.githubusercontent.com/43483189/79633723-01cc4400-8167-11ea-9f4b-fab27b48995e.jpg)
;;;;;;;;;;;;;;![72964306_983629398704380_1964093744339429518_n](https://user-images.githubusercontent.com/43483189/79633725-0264da80-8167-11ea-8912-5a0da356d14f.jpg)
;;;;;;;;;;;;;;![72967607_2830840240260802_5949063751767862826_n](https://user-images.githubusercontent.com/43483189/79633727-02fd7100-8167-11ea-8b09-512b486a94c2.jpg)
;;;;;;;;;;;;;;![72976945_1011388025875139_2952437658515127561_n](https://user-images.githubusercontent.com/43483189/79633728-03960780-8167-11ea-83c9-47e96afe753c.jpg)
;;;;;;;;;;;;;;![72995642_167870440952433_214731315401026226_n](https://user-images.githubusercontent.com/43483189/79633729-042e9e00-8167-11ea-99f6-64bc2335edc3.jpg)
;;;;;;;;;;;;;;![73092226_959869791041353_4306272322275064067_n](https://user-images.githubusercontent.com/43483189/79633730-055fcb00-8167-11ea-98a6-204113d96605.jpg)
;;;;;;;;;;;;;;![73095280_140550347282295_4437529543779527471_n](https://user-images.githubusercontent.com/43483189/79633731-05f86180-8167-11ea-9da3-641d90abf11c.jpg)
;;;;;;;;;;;;;;![73105669_463712397572426_1574336886361274074_n](https://user-images.githubusercontent.com/43483189/79633733-0690f800-8167-11ea-99a9-a574a31daf1d.jpg)
;;;;;;;;;;;;;;![73136612_2649533948426080_446473388167065164_n](https://user-images.githubusercontent.com/43483189/79633734-07298e80-8167-11ea-926d-1de043a9237b.jpg)
;;;;;;;;;;;;;;![73139923_442153689776293_3166459696448729057_n](https://user-images.githubusercontent.com/43483189/79633735-07c22500-8167-11ea-8214-0c78feb479e2.jpg)
;;;;;;;;;;;;;;![73165707_186223239209426_5854606116918949407_n](https://user-images.githubusercontent.com/43483189/79633737-08f35200-8167-11ea-9fcb-cb6acc8a796f.jpg)
;;;;;;;;;;;;;;![73181896_2398206383755353_6726403331117110515_n](https://user-images.githubusercontent.com/43483189/79633739-0a247f00-8167-11ea-82a2-5bf91c7b7eb2.jpg)
